,Player Name,start_time,end_time,Team
0,ANS,2018-03-02,2019-01-16,BlossoM
1,ANS,2019-01-16,2019-12-23,Retired
2,ANS,2019-12-23,Present,San Francisco Shock
3,ATing,2017-02-19,2017-03-??,BBONG mE
4,ATing,2017-03-29,2019-01-25,Hong Kong Attitude
5,ATing,2019-03-14,2019-04-15,LGE.Huya
6,ATing,2019-06-03,2019-08-22,Nova Monster Shield
7,ATing,2020-01-14,2020-10-15,Chengdu Hunters
8,Ado,2017-04-28,2018-02-14,MVP Space
9,Ado,2018-02-14,2018-09-02,Shanghai Dragons
10,Ado,2018-12-05,2019-10-07,Washington Justice
11,Ado,2020-02-12,2020-10-18,Hangzhou Spark
12,Adora,2017-05-14,2017-11-08,Nc Wolves
13,Adora,2017-11-08,2018-06-08,Foxes
14,Adora,2018-06-10,2018-11-17,Seven
15,Adora,2018-11-17,2020-10-18,Hangzhou Spark
16,Agilities,2016-07-21,2016-09-12,Sodipop
17,Agilities,2016-09-12,2017-10-31,Immortals
18,Agilities,2017-10-31,2019-10-23,Los Angeles Valiant
19,Agilities,2019-10-29,2020-10-21,Toronto Defiant
20,Aid,2017-??-??,2017-04-??,GC Busan
21,Aid,2017-05-23,2017-09-18,ROX Orcas
22,Aid,2018-02-21,2018-10-12,GGEA
23,Aid,2018-10-30,2019-10-08,Toronto Defiant
24,Aid,2019-10-24,2020-10-23,Paris Eternal (Coach)
25,Aid,2020-10-28,Present,Dallas Fuel (Coach)
26,AimGod,2017-08-09,2018-01-??,Ardeont
27,AimGod,2018-02-04,2018-04-03,Meta Bellum
28,AimGod,2018-04-03,2019-10-21,Boston Uprising
29,AimGod,2019-11-07,2020-11-18,Washington Justice
30,Alarm,2016-??-??,2017-06-02,BK Stars
31,Alarm,2017-07-12,2017-10-23,Lunatic-Hai 2
32,Alarm,2017-10-23,2018-01-19,Lunatic-Hai
33,Alarm,2018-01-29,2019-10-30,Fusion University
34,Alarm,2019-10-30,Present,Philadelphia Fusion
35,Altering,2016-11-??,2017-10-31,LGD Gaming
36,Altering,2017-10-31,2018-09-02,Shanghai Dragons
37,Altering,2019-01-22,2018-01-25,Flag Gaming (Stand-in)
38,Altering,2019-07-??,Present,Bilibili Gaming (Coach)
39,ALTHOUGH,2019-05-??,2019-08-??,KPG
40,ALTHOUGH,2019-08-09,2019-12-27,Gen.S
41,ALTHOUGH,2019-12-27,2020-03-06,London Spitfire (Inactive)
42,ALTHOUGH,2020-03-06,2020-10-15,London Spitfire
43,Anamo,2016-??-??,2017-06-??,Mighty AOD
44,Anamo,2017-06-??,2018-01-??,Ardeont
45,Anamo,2018-03-31,2020-11-18,New York Excelsior
46,Anamo,2020-11-30,Present,Seoul Dynasty
47,Apply,2017-??-??,2017-??-??,Chicken Contenders
48,Apply,201?-??-??,2017-12-18,Sinatraas rap playlist
49,Apply,2017-12-18,2018-04-09,Kungarna
50,Apply,2018-04-09,2019-03-04,Mayhem Academy
51,Apply,2018-09-24,2019-04-05,Florida Mayhem
52,Apply,2019-04-05,2019-05-29,Florida Mayhem (Inactive)
53,Apply,2019-08-12,2019-08-??,Third Impact (Loan)
54,Apply,2019-06-11,2019-10-16,Revival
55,Apply,2019-10-31,2020-10-16,Los Angeles Valiant
56,ArHaN,2016-??-??,2016-08-15,MiG Frost
57,ArHaN,2016-08-15,2017-11-04,Afreeca Freecs
58,ArHaN,2017-11-30, 2018-03-09,Meta Athena
59,ArHaN,2018-03-30,2019-10-17,Houston Outlaws
60,ArHaN,2020-01-14,2020-10-27,T1 (Coach)
61,ArK,2016-??-??,2016-12-??,Rhinos Gaming Wings
62,ArK,2017-02-01,2017-10-30,LW Red
63,ArK,2017-10-30,2019-03-18,New York Excelsior
64,ArK,2019-03-18,2020-11-07,Washington Justice
65,Architect,2017-04-11,2017-10-03,CONBOX
66,Architect,2017-11-??,2018-03-13,X6-Gaming
67,Architect,2018-03-13,2020-05-17,San Francisco Shock
68,Architect,2020-05-17,Present,Hangzhou Spark
69,Asher,2017-04-11,2017-10-03,CONBOX
70,Asher,2017-11-02,2018-08-31,Los Angeles Gladiators
71,Asher,2018-11-27,2019-05-29,Toronto Defiant
72,BeBe,2017-??-??,2018-09-??,X6-Gaming
73,BeBe,2018-11-20,2020-10-18,Hangzhou Spark
74,BeBe,2020-11-19,Present,Washington Justice
75,BERNAR,2016-??-??,2017-06-02,BK Stars
76,BERNAR,2017-12-19,2018-06-20,WGS Laurels Nine
77,BERNAR,2018-07-10,2019-10-30,Fusion University
78,BERNAR,2019-10-30,2020-11-17,London Spitfire
79,BERNAR,2020-11-19,Present,Hangzhou Spark
80,Bumper,2016-12-??,2018-10-16,RunAway
81,Bumper,2018-12-01,2019-11-27,Vancouver Titans
82,Babel,2018-10-??,2019-12-27,BM Hawk
83,Babel,2019-12-27,2020-10-15,London Spitfire
84,Baconjack,2016-??-??,2017-02-10,Stay Frosty
85,Baconjack,2017-02-10,2018-01-19,Flash Wolves
86,Baconjack,2018-03-07,2018-07-04,Retired
87,Baconjack,2018-11-30,2020-10-15,Chengdu Hunters
88,Bani,2016-06-??,2016-09-??,Devastation
89,Bani,2016-09-27,2016-??-??,Brother
90,Bani,2017-04-05,2017-05-26,Gale Force eSports
91,Bani,2017-06-03,2017-10-31,FNRGFE
92,Bani,2017-10-31,2019-11-08,Houston Outlaws
93,Bani,2019-12-05,2020-05-20,Washington Justice (Coach)
94,Bazzi,2017-03-21,2018-11-18,Seven
95,Bazzi,2019-06-26,2019-11-10,Bilibili Gaming
96,Bazzi,2018-11-18,2020-05-17,Hangzhou Spark
97,Bdosin,2016-11-??,2017-??-??,wNv.KR
98,Bdosin,2017-08-07,2017-09-20,Team KongDoo Panthera
99,Bdosin,2017-09-20,2017-11-04,Cloud9 KongDoo
100,Bdosin,2017-11-04,2019-11-12,London Spitfire
101,Bdosin,2020-01-12,2020-11-20,Seoul Dynasty
102,Beast,2016-08-13,2016-10-03,Coliseo Dragons
103,Beast,2016-10-03,2017-??-??,Hafnet e-Sports
104,Beast,2017-07-21,2018-02-23,KARMA
105,Beast,2018-02-23,2019-05-20,Isurus Gaming
106,Beast,2019-06-05,2019-10-31,FURY
107,Beast,2019-12-19,2020-06-02,Dignity
108,BenBest,2017-??-??,2017-01-15,Death eSport
109,BenBest,2016-01-15,2017-11-08,GamersOrigin
110,BenBest,2018-01-08,2018-02-04,DOSE
111,BenBest,2018-03-04,2018-08-13,Young and Beautiful
112,BenBest,2018-10-23,2020-11-16,Paris Eternal
113,BiaNcA,2017-04-??,2017-07-27,MVP Infinity
114,BiaNcA,2017-07-27,2017-08-07,MVP Space (Inactive)
115,BiaNcA,2017-08-07,2019-01-05,MVP Space
116,BiaNcA,2019-01-31,2019-11-11,XL2 Academy
117,BiaNcA,2019-11-22,2020-10-21,New York Excelsior
118,BigG00se,2017-03-??,2017-07-28,Alfa Squad
119,BigG00se,2017-07-28,2017-08-02,Rest in Pyjamas
120,BigG00se,2017-08-02,2017-11-02,Team Gigantti
121,BigG00se,2017-11-02,2020-10-06,Los Angeles Gladiators
122,Birdring,2016-??-??,2017-04-17,Team KongDoo Uncia
123,Birdring,2017-04-17,2017-09-20,Team KongDoo Panthera
124,Birdring,2017-09-20,2017-11-04,Cloud9 KongDoo
125,Birdring,2017-11-04,2019-10-03,London Spitfire
126,Birdring,2019-11-06,Present,Los Angeles Gladiators
127,Bischu,2016-10-??,2016-11-??,Kungarna
128,Bischu,2017-02-??,2017-02-??,Ronin
129,Bischu,2017-03-??,2017-05-05,Team SoloMid
130,Bischu,2017-05-22,2017-09-24,Kungarna
131,Bischu,2019-04-07,2019-05-02,Gladiators Legion
132,Bischu,2017-11-02,2019-07-17,Los Angeles Gladiators
133,Bischu,2019-07-17,2019-11-11,Guangzhou Charge
134,Bischu,2019-11-15,2020-10-06,Los Angeles Gladiators
135,Boink,2016-??-??,2016-07-??,HERE COMES BOINK!
136,Boink,2016-07-??,2016-09-??,20bOink
137,Boink,2016-10-??,2016-11-??,H2K
138,Boink,2017-04-05,2017-05-26,Gale Force eSports
139,Boink,2017-06-03,2017-10-31,FNRGFE
140,Boink,2017-10-31,Present,Houston Outlaws
141,Boombox,2017-01-14,2017-03-12,Cyclone
142,Boombox,2017-03-12,2017-05-18,ex-Cyclone
143,Boombox,2017-05-18,2017-10-07,eUnited
144,Boombox,2017-11-03,2020-10-20,Philadelphia Fusion
145,Bunny,2016-??-??,2017-06-02,BK Stars
146,Bunny,2017-07-12,2017-10-23,Lunatic-Hai 2
147,Bunny,2017-10-23,2017-11-04,Lunatic-Hai
148,Bunny,2017-11-04,2018-03-31,Seoul Dynasty
149,Bunny,2018-03-31,2019-06-07,Los Angeles Valiant
150,Bunny,2019-07-??,2019-09-12,Team CC
151,CWoosH,2016-??-??,2016-??-??,Rift Gaming
152,CWoosH,2016-07-17,2016-09-10,Team EndPoint
153,CWoosH,2016-09-22,2017-01-04,mousesports
154,CWoosH,2017-01-10,2017-03-14,Movistar Riders (Trial)
155,CWoosH,2017-03-14,2017-07-10,Movistar Riders
156,CWoosH,2017-08-16,2017-11-02,Misfits
157,CWoosH,2017-11-02,2018-09-05,Florida Mayhem
158,CWoosH,2019-01-11,2019-02-27,Team Gigantti (Coach)
159,CWoosH,2019-02-27,2019-05-18,Eternal Academy (Coach)
160,Carcar,201?-??-??,2017-12-18,Sinatraas rap playlist
161,Carcar,2017-12-18,2018-01-07,Kungarna
162,Carcar,2017-01-??,2018-03-??,Bunny Blasters
163,Carcar,2018-06-06,2018-??-??,Mirage Sport Électronique
164,Carcar,2018-10-02,2018-12-20,Second Wind
165,Carcar,2019-01-??,2019-06-02,Fusion University
166,Carcar,2019-07-17,2019-12-20,Skyfoxes (Loan)
167,Carcar,2019-06-02,2020-01-10,Fusion University (Inactive)
168,Carcar,2020-01-10,2020-03-22,ATL Academy
169,Carcar,2020-05-08,2020-10-16,Vancouver Titans
170,Chara,2017-01-23,2018-11-22,Meta Bellum
171,Chara,2018-11-22,2020-10-15,Guangzhou Charge
172,ChipSa,2016-??-??,2016-??-??,Choke Gaming
173,ChipSa,2016-??-??,2016-??-??,Team Project
174,ChipSa,2016-??-??,2017-03-07,The Chavs
175,ChipSa,2019-11-26,2020-10-21,Philadelphia Fusion
176,Chipshajen,2015-??-??,201?-??-??,HULKTastic
177,Chipshajen,2016-??-??,2016-04-23,IDDQD
178,Chipshajen,2016-04-23,2017-10-05,Team EnVyUs
179,Chipshajen,2017-10-05,2018-09-04,Dallas Fuel
180,ChoiHyoBin,2017-??-??,2018-04-05,X6-Gaming
181,ChoiHyoBin,2018-04-05,Present,San Francisco Shock
182,Clestyn,2018-09-??,2018-09-??,GC Busan LUCIA
183,Clestyn,2018-10-27,2019-01-10,Team KongDoo Panthera
184,Clestyn,2019-01-10,2019-11-14,Team Griffin
185,Clestyn,2019-12-27,2020-10-15,London Spitfire
186,Clockwork,2015-??-??,2016-02-07,Not Enigma
187,Clockwork,2016-02-07,2016-06-13,"Fine, I'll go McCree"
188,Clockwork,2016-06-13,2016-10-30,Splyce
189,Clockwork,2016-10-31,2016-12-19,NRG Esports
190,Clockwork,2016-12-19,2017-04-05,NRG Esports (Inactive)
191,Clockwork,2017-04-05,2017-05-26,Gale Force eSports
192,Clockwork,2017-06-03,2017-10-31,FNRGFE
193,Clockwork,2017-10-31,2018-09-03,Houston Outlaws
194,Clockwork,2018-09-03,2020-02-??,Houston Outlaws (Coach)
195,Closer,2016-??-??,2017-08-05,MVP Space
196,Closer,2017-08-05,2017-11-04,GC Busan
197,Closer,2017-11-04,2018-10-15,London Spitfire
198,Closer,2018-10-15,2020-10-16,Dallas Fuel
199,Closer,2020-11-20,Present,Washington Justice
200,CoMa,2017-01-??,2017-04-11,RunAway
201,CoMa,2017-07-01,2017-11-13,Flash Lux
202,CoMa,2017-11-20,2018-10-22,Team KongDoo Panthera
203,CoMa,2018-10-22,2019-11-08,Shanghai Dragons
204,ColdesT,2017-07-??,2017-11-??,P90
205,ColdesT,2017-11-??,2018-06-09,Team Skadi's Gift
206,ColdesT,2018-05-??,2018-06-??,LinGan e-Sports (Uncontracted)
207,ColdesT,2018-06-09,2019-03-12,Flag Gaming
208,ColdesT,2019-03-14,2020-01-14,Bilibili Gaming
209,ColdesT,2020-01-14,Present,Hangzhou Spark
210,Colourhex,2017-01-??,2017-??-??,Default
211,Colourhex,2017-??-??,2017-??-??,WillWeed
212,Colourhex,2017-06-19,2018-01-05,Masterminds Blue
213,Colourhex,2018-01-05,2018-05-25,Masterminds GC
214,Colourhex,2018-06-22,2018-09-02,Sydney Drop Bears
215,Colourhex,2018-09-02,2018-10-30,Toronto Esports
216,Colourhex,2018-10-30,Present,Boston Uprising
217,Corey,2017-??-??,2017-??-??,Kangaroo Jacks
218,Corey,2017-01-??,2017-04-22,East Wind
219,Corey,2017-04-22,2017-07-01,Evil Geniuses
220,Corey,2018-02-15,2018-11-14,Gladiators Legion
221,Corey,2018-12-04,2020-05-08,Washington Justice
222,Cr0ng,2017-05-23,2017-09-18,ROX Orcas
223,Cr0ng,2017-12-05,2018-05-21,DeToNator.KOREA
224,Cr0ng,2018-11-02,2019-01-21,O2 Team
225,Cr0ng,2019-01-21,2019-11-14,O2 Blast
226,Cr0ng,2019-11-14,Present,Guangzhou Charge
227,Creative,2017-??-??,2018-04-17,EXL-CLEA
228,Creative,2018-06-??,2018-10-11,Machi Esports
229,Creative,2018-11-10,2018-12-08,Seven
230,Creative,2018-12-08,2019-02-22,X6-Gaming
231,Creative,2019-02-22,2019-10-29,Gen.G esports
232,Creative,2019-10-29,Present,Seoul Dynasty
233,Crimzo,2017-??-??,2017-12-18,Sinatraas rap playlist
234,Crimzo,2017-12-18,2018-01-21,Kungarna
235,Crimzo,2018-02-01,2018-06-26,EnVision eSports
236,Crimzo,2018-07-02,2020-02-03,Team Envy
237,Crimzo,2020-02-03,2020-10-16,Dallas Fuel
238,Crimzo,2020-11-24,Present,Houston Outlaws
239,Custa,2016-02-20,2016-05-09,Code7
240,Custa,2016-05-16,2016-07-21,nubris
241,Custa,2016-07-21,2017-05-30,Fnatic
242,Custa,2017-05-30,2017-06-09,Fnatic (Inactive)
243,Custa,2017-07-02,2017-07-??,Arc 6
244,Custa,2017-10-27,2018-04-02,Dallas Fuel
245,Custa,2018-04-02,2019-12-12,Los Angeles Valiant
246,DDing,2016-11-??,2017-??-??,wNv.KR
247,DDing,2017-08-07,2017-11-20,Team Kongdoo Uncia
248,DDing,2017-11-20,2018-10-22,Team KongDoo Panthera
249,DDing,2018-10-22,2020-10-26,Shanghai Dragons
250,DPI,2018-??-??,2018-10-??,Armament
251,DPI,2018-10-??,2019-05-15,WGS Armament
252,DPI,2019-05-15,2019-06-19,Armament
253,DPI,2019-06-19,2019-10-07,Florida Mayhem
254,DPI,2019-11-15,2020-03-03,Lucky Future
255,DPI,2020-05-30,2020-08-30,Retired
256,DPI,2020-10-22,Present,First Fabulous Fighter
257,Dreamer,2018-02-??,2019-??-??,Xavier Esports
258,Dreamer,2019-??-??,2019-04-05,Xavier Esports (Streamer)
259,Dreamer,2019-06-14,2019-10-31,Sydney Drop Bears
260,Dreamer,2019-10-31,Present,Los Angeles Valiant
261,Daco,2017-08-01,2018-10-28,Element Mystic
262,Daco,2018-10-28,2019-11-08,Atlanta Reign
263,Daco,2020-02-29,2020-07-21,Lucky Future
264,Daemin,2016-??-??,2017-01-13,Motiondive
265,Daemin,2017-01-13,2017-04-07,ROX Orcas
266,Daemin,2017-04-17,2017-11-20,Team KongDoo Uncia
267,Daemin,2018-02-26,2018-04-04,NRG Esports
268,Daemin,2018-04-04,2018-09-02,Shanghai Dragons
269,Daemin,2019-04-03,2019-06-13,Blank Esports
270,Daemin,2019-07-08,2019-10-15,Meta Athena
271,Daemin,2020-07-14,2020-11-30,Element Mystic (Coach)
272,Daemin,2020-11-30,Present,Guangzhou Charge (Coach)
273,Dalton,2017-??-??,2017-??-??,Aceless
274,Dalton,2017-??-??,2018-02-02,Toronto Esports
275,Dalton,2018-03-03,2018-10-23,Toronto Esports
276,Dalton,2018-10-23,2019-12-04,Gladiators Legion
277,Dalton,2020-01-10,2020-05-08,Second Wind
278,Dalton,2020-05-08,Present,Vancouver Titans
279,Danteh,2016-09-10,2017-02-02,Momentary
280,Danteh,2017-02-02,2017-02-16,Eanix
281,Danteh,2017-02-16,2017-05-01,Denial eSports
282,Danteh,2017-05-01,2017-07-??,Arc 6
283,Danteh,2017-09-28,2018-09-18,San Francisco Shock
284,Danteh,2018-09-18,Present,Houston Outlaws
285,DayFly,2016-??-??,2016-08-15,MiG Frost
286,DayFly,2016-08-15,2017-01-14, AF.Blue
287,DayFly,2017-06-??,2017-08-09,Ardeont
288,DayFly,2017-11-03,2018-09-02,Philadelphia Fusion
289,Decay,2017-04-17,2017-11-20,Team Kongdoo Uncia
290,Decay,2017-11-20,2018-10-25,Team KongDoo Panthera
291,Decay,2018-10-25,2019-10-29,Los Angeles Gladiators
292,Decay,2019-10-29,2020-08-03,Dallas Fuel
293,Decay,2020-08-12,Present,Washington Justice
294,Diya,2016-08-?? ,2017-10-31,Vici Gaming
295,Diya,2017-10-31,2020-10-26,Shanghai Dragons
296,Diya,2019-11-08,Present,Team CC
297,Dogman,2016-07-02,2016-07-20,Team Eggplant
298,Dogman,2016-07-??,2016-08-??,Team eLevate
299,Dogman,2016-08-12,2016-08-27,Sea Algae
300,Dogman,2016-12-08,2016-01-18, Citizen7
301,Dogman,2017-05-22,2017-09-24,Kungarna
302,Dogman,2017-??-??,2018-02-02,Toronto Esports
303,Dogman,2018-02-??,2018-03-??,No Clout
304,Dogman,2018-03-11,2018-??-??,Bye Week
305,Dogman,2018-05-22,2018-11-23,Last Night's Leftovers
306,Dogman,2018-11-23,2019-02-10,ATL Academy
307,Dogman,2019-02-10,2020-10-22,Atlanta Reign
308,Doha,2018-??-??,2018-09-??,VX Gaming
309,Doha,2018-09-??,2018-11-??,Goin Water S
310,Doha,2018-11-20,2019-11-12,Element Mystic
311,Doha,2019-11-12,Present,Dallas Fuel
312,DreamKazper,2016-11-29,2017-02-01,Spicy Boys
313,DreamKazper,2017-02-01,2017-07-24,Tempo Storm
314,DreamKazper,2017-07-24,2017-08-12,Tempo Storm (Inactive)
315,DreamKazper,2017-10-26,2018-04-09,Boston Uprising
316,EFFECT,2016-??-??,2016-??-??,Resunz
317,EFFECT,2016-??-??,2017-01-23,Meta Athena
318,EFFECT,2017-01-23,2017-02-27,Meta Bellum
319,EFFECT,2017-02-27,2017-03-16,Meta Athena (Substitute)
320,EFFECT,2017-04-27,2017-10-05,Team EnVyUs
321,EFFECT,2017-10-05,2019-04-06,Dallas Fuel
322,EFFECT,2019-04-12,2019-??-??,Dallas Fuel (Streamer)
323,ELLIVOTE,2017-01-15,2017-08-29,Vivi's Adventure
324,ELLIVOTE,2017-12-28,2019-02-25,Angry Titans
325,ELLIVOTE,2019-03-06,2019-07-14,Team Envy
326,ELLIVOTE,2019-07-14,2019-07-31,Washington Justice
327,ELLIVOTE,2019-07-31,2019-09-29,Washington Justice (Inactive)
328,ELLIVOTE,2019-09-29,2020-06-04,Washington Justice
329,ELLIVOTE,2020-07-02,2020-11-02,Team Doge
330,ELLIVOTE,2020-11-02,Present,New Kings
331,Edison,2017-01-20,2017-08-24,Maxtill
332,Edison,2017-08-24,2017-10-30,Nc Wolves
333,Edison,2017-10-30,2018-03-31,FatCat
334,Edison,2018-03-31,2018-05-20,INTRO WAVE
335,Edison,2018-05-20,2019-11-12,GC Busan WAVE
336,Edison,2019-11-12,Present,Atlanta Reign
337,Eileen,2016-11-??,2018-11-22,LGD Gaming
338,Eileen,2018-11-22,Present,Guangzhou Charge
339,Elk,2016-10-??,2016-10-??,Helix eSports
340,Elk,2017-??-??,2017-04-22,East Wind
341,Elk,2017-04-22,2017-07-01,Evil Geniuses
342,Elk,2017-07-17,2017-11-10,MEGA Thunder
343,Elk,2018-01-29,2019-07-30,Fusion University
344,Elk,2018-09-25,2019-07-30,Philadelphia Fusion
345,Elk,2019-07-30,2019-10-23,Fusion University (Inactive)
346,Elk,2019-07-30,2019-10-23,Philadelphia Fusion (Inactive)
347,Elk,2019-11-09,2019-12-21,Skyfoxes
348,Elk,2019-12-21,Present,HU Storm
349,Elsa,2016-09-??,2016-11-??,Reic
350,Elsa,2016-11-??,2017-08-??,Black Ananas
351,Elsa,2018-01-21,2018-11-29,LinGan e-Sports
352,Elsa,2018-11-29,Present,Chengdu Hunters
353,Envy,2016-??-??,2017-06-13,Rhinos Gaming Wings
354,Envy,2017-06-13,2017-11-02,Immortals
355,Envy,2017-11-02,2018-04-02,Los Angeles Valiant
356,Envy,2018-05-07,2018-10-27,Meta Bellum
357,Envy,2018-10-27,2019-06-18,Toronto Defiant
358,Envy,2019-06-18,2020-01-18,Shanghai Dragons
359,Erster,2016-??-??,2017-06-??,Mighty AOD
360,Erster,2017-06-??,2018-01-30,Ardeont
361,Erster,2018-02-11,2018-10-28,Lucky Future Zenith
362,Erster,2018-10-28,2020-10-22,Atlanta Reign
363,Erster,2020-11-18,Present,Shanghai Dragons
364,FCTFCTN,2016-07-18,2016-08-20,Ohno
365,FCTFCTN,2016-08-20,2018-02-16, FaZe Clan
366,FCTFCTN,2018-02-16,2018-09-02,Houston Outlaws
367,FCTFCTN,2018-11-14,2019-05-10,Mayhem Academy
368,FCTFCTN,2019-05-10,2019-11-12,Los Angeles Valiant
369,FCTFCTN,2020-02-07,2020-05-14,Revival
370,FCTFCTN,2020-05-14,2020-07-15,Retired
371,FCTFCTN,2020-07-15,2020-09-21,Slept On (Coach)
372,FCTFCTN,2020-09-21,Present,Revival (Coach)
373,FDGoD,2018-04-07,2018-06-21,Primate
374,FDGoD,2018-08-14,2018-09-11,YounG Star
375,FDGoD,2018-10-31,2018-12-19,Orgless and Hungry
376,FDGoD,2019-02-03,2019-02-07,Shu's Money Crew EU
377,FDGoD,2019-02-08,2019-03-11,HSL Esports
378,FDGoD,2019-03-11,2019-04-28,Cry me a River
379,FDGoD,2019-05-09,2020-01-07,Young and Beautiful
380,FDGoD,2020-01-07,2020-11-12,Paris Eternal
381,FDGoD,2020-11-12,Present,San Francisco Shock
382,Fearless,2017-08-01,2018-02-14,Element Mystic
383,Fearless,2018-02-14,2019-04-11,Shanghai Dragons
384,Fearless,2019-04-11,2020-01-18,Team CC
385,Fearless,2020-01-18,2020-11-07,Shanghai Dragons
386,Fearless,2020-11-07,Present,Dallas Fuel
387,Fahzix,2016-08-31,2017-01-05,KATT5
388,Fahzix,2017-01-07,2017-10-30,EnVision eSports
389,Fahzix,2017-10-30,2018-02-14,EnVision eSports (Inactive)
390,Fahzix,2018-02-26,2018-10-18,NRG Esports
391,Fahzix,2018-12-05,2019-04-03,Washington Justice
392,Fahzix,2019-04-03,2019-08-12,Washington Justice (Inactive)
393,Fate,2016-??-??,2017-06-02,Mighty AOD
394,Fate,2017-06-02,2017-11-02,Immortals
395,Fate,2017-11-02,2019-05-10,Los Angeles Valiant
396,Fate,2019-05-10,2020-11-12,Florida Mayhem
397,Fate,2020-11-12,Present,Shanghai Dragons
398,Fielder,2017-10-01,2017-12-01,GameHome Monsters
399,Fielder,2018-01-30,2018-03-31,FatCat
400,Fielder,2018-03-31,2018-05-20,INTRO WAVE
401,Fielder,2018-05-20,2020-03-31,GC Busan WAVE
402,Fielder,2020-05-02,2020-10-22,Paris Eternal
403,Fielder,2020-10-27,Present,Dallas Fuel
404,Finnsi,2016-??-??,2016-??-??,Alliance
405,Finnsi,2016-10-23,2017-01-04,mousesports
406,Finnsi,2017-01-10,2017-03-14,Movistar Riders (Trial)
407,Finnsi,2017-03-14,2017-06-20,Movistar Riders
408,Finnsi,2017-08-13,2017-??-??,123
409,Finnsi,2017-12-27,2018-04-04,Orgless and Hungry
410,Finnsi,2018-04-04,2018-09-07,Los Angeles Valiant
411,Finnsi,2018-10-23,2019-10-23,Paris Eternal
412,Finnsi,2020-01-10,2020-04-27,Team Envy
413,Finnsi,2020-04-27,2020-06-19,Team Doge
414,Finnsi,2020-07-05,2020-09-30,Karasuno
415,Fire,2016-11-23,2016-??-??,Hammers eSports
416,Fire,2016-02-18,2018-06-26,EnVision eSports
417,Fire,2018-07-02,2020-01-10,Team Envy
418,Fire,2020-01-31,2020-10-16,Atlanta Reign
419,Fire,2020-12-01,Present,Vancouver Titans
420,Fissure,2017-01-10,2017-09-20,Team KongDoo Panthera
421,Fissure,2017-09-20,2017-11-04,Cloud9 KongDoo
422,Fissure,2017-11-04,2018-02-20,London Spitfire
423,Fissure,2018-02-20,2018-08-20,Los Angeles Gladiators
424,Fissure,2018-08-20,2019-06-27,Seoul Dynasty
425,Fissure,2019-06-27,2019-11-26,Retired
426,Fissure,2019-11-26,2020-05-06,Vancouver Titans
427,FITS,2018-??-??,2018-10-21,GC Busan LUCIA
428,FITS,2018-10-21,2018-11-09,Goin Water S
429,FITS,2018-12-05,Present,Seoul Dynasty
430,Fiveking,2016-12-01,2017-08-03,iG.Ice
431,Fiveking,2017-08-04,2017-10-31,Team CC
432,Fiveking,2017-10-31,2018-09-02,Shanghai Dragons
433,Fiveking,2018-09-11,2019-10-21,Team CC
434,Fl0w3R,2016-??-??,2017-01-13,LW Red
435,Fl0w3R,2017-01-13,2017-10-30,LW Blue
436,Fl0w3R,2017-10-30,2018-03-24,NYXL (Inactive)
437,Fl0w3R,2018-03-24,2018-10-29,XL2 Academy
438,Fl0w3R,2018-10-29,2019-10-08,New York Excelsior
439,Fl0w3R,2020-01-02,2020-06-13,RunAway
440,Fleta,2017-01-20,2017-10-14,Flash Lux
441,Fleta,2017-10-15,2019-11-13,Seoul Dynasty
442,Fleta,2019-11-13,Present,Shanghai Dragons
443,Freefeel,2016-??-??,2017-10-31,FTD Club
444,Freefeel,2017-10-31,2018-09-02,Shanghai Dragons
445,Freefeel,2018-11-06,2018-11-14,Young Kaiser Gaming.Red
446,Freefeel,2018-11-14,2018-12-02,ReStart
447,Freefeel,2019-01-??,2019-05-??,Alter-Ego
448,Freefeel,2019-04-20,2020-04-19,Light Gaming
449,FunnyAstro,2018-01-20,2018-02-15,Those Guys
450,FunnyAstro,2018-02-15,2018-11-05,British Hurricane
451,FunnyAstro,2019-03-29,2019-10-30,ATL Academy
452,FunnyAstro,2019-03-29,2019-10-30,Atlanta Reign
453,FunnyAstro,2019-10-30,Present,Philadelphia Fusion
454,Fury,2016-??-??,2017-06-13,Rhinos Gaming Wings
455,Fury,2017-06-16,2017-09-15,Team Liquid
456,Fury,2017-11-04,2019-10-30,London Spitfire
457,Fury,2019-10-30,2020-11-11,Philadelphia Fusion
458,Fury,2020-11-21,Present,Washington Justice
459,Fusions,2017-01-19,2017-05-13,nerdRage
460,Fusions,2017-09-28,2017-11-27,Mosaic eSports
461,Fusions,2018-01-20,2018-02-15,Those Guys
462,Fusions,2018-02-15,2018-11-05,British Hurricane
463,Fusions,2018-11-05,2018-11-12,Toronto Esports
464,Fusions,2018-11-12,2019-02-??,Uprising Academy
465,Fusions,2018-11-05,Present,Boston Uprising
466,Fuze,2017-05-23,2017-07-27,MVP Infinity
467,Fuze,2017-07-27,2017-08-07,MVP Space (Inactive)
468,Fuze,2017-08-07,2019-01-05,MVP Space
469,Fuze,2019-02-22,2019-07-02,Gen.G esports
470,Fuze,2019-07-30,2019-10-30,Fusion University
471,Fuze,2019-10-30,Present,London Spitfire
472,Gargoyle,2018-10-??,2019-05-15,WGS Armament
473,Gargoyle,2019-05-15,2019-06-19,Armament
474,Gargoyle,2019-06-19,Present,Florida Mayhem
475,Garry,2017-03-11,2017-07-05,iG.Ice
476,Garry,2017-07-18,2018-04-??,Lucky Future
477,Garry,2018-04-??,2018-06-03,Lucky Future Zenith
478,Garry,2018-06-03,2018-11-28,Lucky Future
479,Garry,2018-11-28,2020-01-14,Chengdu Hunters
480,Garry,2020-01-14,2020-09-18,Chengdu Hunters (Assistant Coach)
481,Gambler,2016-??-??,2016-09-07,LW Red
482,Gambler,2016-09-07,2017-07-11,LW Blue
483,Gambler,2018-01-06,2018-02-26,BlossoM
484,Gambler,2018-02-26,2018-08-31,Seoul Dynasty
485,Gambler,2018-08-31,2019-03-31,Gen.G (Streamer)
486,Gamsu,2016-??-??,2017-07-08,CONBOX
487,Gamsu,2017-10-26,2019-02-12,Boston Uprising
488,Gamsu,2019-02-12,2019-11-04,Shanghai Dragons
489,Gamsu,2019-11-04,2020-10-17,Dallas Fuel
490,Gangnamjin,2018-10-28,2019-11-20,RunAway
491,Gangnamjin,2019-11-20,Present,Florida Mayhem
492,Gator,2018-??-??,2018-??-??,Fractal Esports
493,Gator,2018-??-??,2018-06-24,GOATS
494,Gator,2018-08-18,2018-10-03,GOATS
495,Gator,2018-10-28,Present,Atlanta Reign
496,Gator,2018-11-23,2019-10-31,ATL Academy
497,Geguri,2016-??-??,2016-07-31,UW Artisan
498,Geguri,2016-07-31,2017-03-??,EHOME.KR
499,Geguri,2017-03-??,2017-06-19	,EHOME Spear
500,Geguri,2017-08-07,2017-09-18,ROX Orcas
501,Geguri,2018-02-14,2020-10-26,Shanghai Dragons
502,Gesture,2017-??-??,2017-11-04,GC Busan
503,Gesture,2017-11-04,2019-10-22,London Spitfire
504,Gesture,2019-10-22,Present,Seoul Dynasty
505,GiG,2018-11-06,2019-06-06,Chicken Contendies
506,GiG,2019-06-14,2019-11-11,XL2 Academy
507,GiG,2020-01-07,2020-10-16,Los Angeles Valiant
508,GiG,2020-11-17,Present,Revival
509,Gido,2017-02-??,2017-04-??,Girls Bench
510,Gido,2017-04-27,2017-10-23,Lunatic-Hai
511,Gido,2017-08-22,2018-09-02,Seoul Dynasty
512,Gido,2018-12-05,2019-10-11,Washington Justice
513,Gido,2020-02-23,2020-07-21,Lucky Future
514,Glister,2018-03-12,2018-09-??,X6-Gaming
515,Glister,2018-10-17,2018-12-08,Seven
516,Glister,2018-12-08,2019-02-22,X6-Gaming
517,Glister,2019-02-22,2019-11-23,Gen.G esports
518,Glister,2019-11-23,2020-11-21,London Spitfire
519,Glister,2020-12-01,Present,San Francisco Shock
520,Gods,2016-04-15,2016-08-01,Luminosity Gaming
521,Gods,2016-08-01,2016-08-03,mixup
522,Gods,2016-08-01,2016-10-31,NRG eSports
523,Gods,2017-01-15,2017-10-07,Cloud9
524,Gods,2018-02-15,2019-02-06,Gladiators Legion
525,Gods,2019-03-01,2019-04-07,Second Wind
526,Gods,2019-04-08,2019-05-21,Montreal Rebellion
527,Gods,2019-05-21,2019-10-07,Toronto Defiant
528,Gods,2020-04-06,2020-07-15,Retired
529,Gods,2020-07-15,2020-09-21,Slept On (Coach)
530,Gods,2020-09-21,Present,Revival (Coach)
531,GodsB,2017-??-??,2018-09-??,X6-Gaming
532,GodsB,2018-11-18,Present,Hangzhou Spark
533,Greyy,2017-02-03,2017-03-19,Bench Boys
534,Greyy,2017-03-19,2017-08-13,Laser Kittenz
535,Greyy,2017-08-13,2017-??-??,Cloud9 EU
536,Greyy,2018-02-21,2018-10-10,GGEA
537,Greyy,2018-11-27,2020-05-07,Paris Eternal
538,Guard,2017-08-01,2018-10-16,Element Mystic
539,Guard,2018-10-16,2019-10-03,London Spitfire
540,Guard,2019-12-30,2020-05-13,Retired
541,Guard,2020-05-13,2020-05-23,RunAway (Trial Coach)
542,GuardiaN,2017-01-13,2017-05-23,ROX Orcas
543,GuardiaN,2017-07-12,2017-10-23,Lunatic-Hai 2
544,GuardiaN,2017-10-23,2018-01-19,Lunatic-Hai
545,GuardiaN,2018-03-03,2018-07-31,Toronto Esports
546,GuardiaN,2018-10-22,2019-06-12,Shanghai Dragons
547,Guxue,2017-03-??,2018-11-16,LGD Gaming
548,Guxue,2018-11-16,Present,Hangzhou Spark
549,HOTBA,2017-05-02,2017-10-22,LW Red
550,HOTBA,2017-11-03,2018-10-17,Philadelphia Fusion
551,HOTBA,2018-10-17,2019-11-11,Guangzhou Charge
552,HOTBA,2019-11-15,2020-10-21,New York Excelsior
553,HaGoPeun,2017-??-??,2017-11-04,GC Busan
554,HaGoPeun,2017-11-04,2018-05-22,London Spitfire
555,HaGoPeun,2018-05-22,2018-06-18,London Spitfire (Inactive)
556,HaGoPeun,2018-06-26,2018-09-21,Mayhem Academy
557,HaGoPeun,2018-09-21,2019-10-07,Florida Mayhem
558,HaGoPeun,2020-08-04,Present,GC Busan WAVE (Manager)
559,Haksal,2016-??-??,2018-10-16,RunAway
560,Haksal,2018-12-01,2020-05-06,Vancouver Titans
561,Haksal,2020-06-05,2020-10-20,New York Excelsior
562,Halo,2018-??-??,2018-06-??,TGC
563,Halo,2018-10-18,2019-02-27,NRG Esports
564,Halo,2019-03-11,2020-01-07,Second Wind
565,Halo,2020-01-07,2020-03-03,Triumph
566,Halo,2020-03-03,2020-10-08,Boston Uprising
567,Hanbin,2018-04-??,2018-09-??,Legend Young Beyond
568,Hanbin,2018-11-07,2019-10-25,Element Mystic
569,Hanbin,2019-10-25,2020-02-20,Paris Eternal (Inactive)
570,Hanbin,2020-02-20,2020-10-23,Paris Eternal
571,Hanbin,2020-10-23,Present,Dallas Fuel
572,Happy,2017-08-01,2017-10-14,Element Mystic
573,Happy,2018-01-06,2018-01-19,BlossoM
574,Happy,2018-06-??,2018-11-22,Meta Bellum
575,Happy,2018-11-22,2020-11-09,Guangzhou Charge
576,Happy,2020-11-25,Present,Houston Outlaws
577,HarryHook,2016-??-??,2016-04-23,IDDQD
578,HarryHook,2016-04-23,2017-10-05,Team EnVyUs
579,HarryHook,2017-10-05,2020-08-05,Dallas Fuel
580,Hawk,2018-??-??,2018-05-??,No Clout
581,Hawk,2018-07-22,2018-07-30,Bazooka Puppiez
582,Hawk,2018-??-??,2018-10-16,Phase 2
583,Hawk,2018-11-23,2019-10-31,ATL Academy
584,Hawk,2019-10-31,Present,Atlanta Reign
585,Heesu,2018-07-??,2018-10-18,Element Mystic
586,Heesu,2018-10-18,2019-11-25,RunAway
587,Heesu,2019-11-25,2020-11-23,Philadelphia Fusion
588,Heesu,2020-11-23,Present,Toronto Defiant
589,Highly,2018-??-??,2018-05-27,O2 Ardeont (Trial)
590,Highly,2018-05-27,2018-07-27,World Game Star H2
591,Highly,2018-11-02 ,2019-02-25,O2 Team
592,Highly,2019-03-04,2019-11-23,Seoul Dynasty
593,Highly,2019-11-23,2020-10-15,London Spitfire
594,Hooreg,2017-??-??,2017-11-04,GC Busan
595,Hooreg,2017-11-04,2018-05-22,London Spitfire
596,Hooreg,2018-05-22,2018-06-18,London Spitfire (Inactive)
597,Hooreg,2018-06-15,2018-10-16,RunAway
598,Hooreg,2018-12-01,2019-11-18,Vancouver Titans
599,Hooreg,2019-11-25,2020-10-15,Houston Outlaws (Coach)
600,HyP,2016-??-??,2016-08-31,MUSTACHE & MONOCLE
601,HyP,2016-10-11,2017-11-08,GamersOrigin
602,HyP,2017-12-18,2018-10-01,Eagle Gaming
603,HyP,2018-10-23,2020-04-02,Paris Eternal
604,Hydration,2016-08-30,2016-12-16,The 1 Percent
605,Hydration,2016-12-16,2017-09-21,Counter Logic Gaming
606,Hydration,2017-11-02,2019-10-18,Los Angeles Gladiators
607,Hydration,2019-10-18,Present,Houston Outlaws
608,Hyeonu,2016-??-??,2016-08-15,MiG Blaze
609,Hyeonu,2016-08-15,2016-11-??,AF.Red
610,Hyeonu,2016-11-??,2017-??-??,wNv.KR
611,Hyeonu,2017-08-06,2017-10-04,Meta Athena
612,Hyeonu,2017-10-04,2018-05-14,Meta Bellum
613,Hyeonu,2018-06-25,2018-10-??,World Game Star H2
614,Hyeonu,2018-12-05,2019-10-07,Washington Justice
615,ILLICIT,2017-??-??,2017-12-25,CHG
616,ILLICIT,2017-12-25,2018-??-??,GameHome Nexus
617,ILLICIT,2018-02-01,2019-03-04,BlossoM
618,ILLICIT,2019-03-04,2020-11-20,Seoul Dynasty
619,Izayaki,2016-??-??,2017-11-08,KNC Vmax
620,Izayaki,2017-11-08,2018-04-13,Foxes
621,Izayaki,2018-04-13,2019-07-19,Los Angeles Valiant
622,Izayaki,2019-07-19,Present,Shanghai Dragons
623,jiqiren,2017-02-??,2017-12-06,Miraculous Youngster
624,jiqiren,2018-03-21,2019-01-16,Team CC
625,jiqiren,2019-01-16,2019-12-27,Chengdu Hunters
626,JJANU,2017-08-07,2018-10-16,RunAway
627,JJANU,2018-12-01,2020-04-30,Vancouver Titans
628,JJANU,2020-05-16,2020-11-18,Washington Justice
629,JJonak,2017-08-10,2017-10-30,LW Blue
630,JJonak,2017-10-30,Present,New York Excelsior
631,JAKE,2016-??-??,2017-01-13,-bird noises-
632,JAKE,2017-01-13,2017-03-06,Hammers Esports
633,JAKE,2017-03-06,2017-08-23, Luminosity Gaming Evil
634,JAKE,2017-08-23,2017-10-31, LG Evil (Inactive)
635,JAKE,2017-10-31,2019-12-07,Houston Outlaws
636,Janus,2016-09-27,2017-10-30,LW Blue
637,Janus,2017-10-30,2018-08-31,New York Excelsior
638,Janus,2018-09-11,2019-10-07,Washington Justice
639,Jaru,2016-08-06,2017-07-13,Toronto Esports
640,Jaru,2017-07-13,2018-06-26,EnVision eSports
641,Jaru,2018-07-10,2018-08-14,Skyfoxes
642,Jaru,2018-11-15,2019-12-12,Team Envy
643,Jaru,2019-12-12,2020-10-06,Los Angeles Gladiators
644,Jecse,2017-08-01,2018-10-19,Element Mystic
645,Jecse,2018-10-19,2019-11-01,Seoul Dynasty
646,Jecse,2020-01-02,2020-10-14,Houston Outlaws
647,Jecse,2020-11-10,Present,Dallas Fuel
648,Jerry,2018-05-27,2018-12-08,Seven
649,Jerry,2018-12-08,2019-01-28,X6-Gaming
650,Jerry,2019-03-10,2019-05-31,X6-Gaming
651,Jerry,2019-05-31,2019-10-28,Meta Athena
652,Jerry,2019-10-28,2020-11-05,Boston Uprising
653,Jerry,2020-11-09,Present,Washington Justice
654,Jihun,2019-06-18,2019-09-04,Bubble Burster Gaming
655,Jihun,2019-12-27,2020-05-08,London Spitfire (Inactive)
656,Jihun,2020-05-08,2020-10-15,London Spitfire
657,JinMu,2017-03-??,2018-03-21,LaoYinBi
658,JinMu,2018-03-??,2018-08-27,Moss Seven Club
659,JinMu,2018-08-27,2018-09-12,Big Time Regal Gaming
660,JinMu,2018-11-30,Present,Chengdu Hunters
661,JMAC,2017-07-16,2017-07-??,Foxes
662,JMAC,2018-02-02,2018-12-15,Foxes
663,JMAC,2018-12-15,2019-03-14,White Whale Incheon E-Sports
664,JMAC,2019-03-14,2019-11-23,LGE.Huya
665,JMAC,2019-11-23,2020-10-17,London Spitfire
666,KSAA,2018-07-19,2019-??-??,Inferno Game Zone
667,KSAA,2019-03-14,2019-05-18,Crescent Dew
668,KSAA,2019-07-26,2020-01-10,Young and Beautiful
669,KSAA,2020-04-15,2020-05-08,Raspberry Racers
670,KSAA,2020-05-08,2020-10-16,Vancouver Titans
671,KSF,201?-??-??,2017-01-??,EnVision eSports
672,KSF,2017-04-06,2017-07-03,You guys get paid?
673,KSF,2017-12-18,2018-02-15,Midnight Marauders
674,KSF,2018-02-15,2018-04-04,Simplicity
675,KSF,2018-04-04,2020-12-03, Los Angeles Valiant
676,KSP,2017-??-??,2017-??-??,Delta E-sports
677,KSP,2017-??-??,2017-06-??,You guys get laid?
678,KSP,2017-10-??,2017-??-??,KVMKT
679,KSP,2018-03-??,2018-06-??,Koord Narwhals
680,KSP,2018-06-07,2018-07-18,Bazooka Puppiez
681,KSP,2018-07-18,2018-10-16,Young and Beautiful
682,KSP,2018-10-16,2019-04-23,Samsung Morning Stars
683,KSP,2019-06-14,2019-11-11,XL2 Academy
684,KSP,2020-01-15,Present,Los Angeles Valiant
685,Kalios,2016-11-06,2017-04-23,wNv.KR
686,Kalios,2017-04-23,2017-07-04,RunAway
687,Kalios,2017-07-31,2017-10-26,Afreeca Freecs
688,Kalios,2017-10-26,2018-08-31,Boston Uprising
689,Kalios,2018-11-16,2019-01-03,Skyfoxes
690,Kalios,2019-01-27,2019-06-17,Team Griffin
691,Kalios,2019-08-12,2019-08-14,Third Impact
692,Kalios,2019-12-31,Present,O2 Blast
693,Karayan,2018-06-20,2018-10-07,Monster Shield KR
694,Karayan,2018-10-14,2019-05-15,WGS Armament
695,Karayan,2019-05-15,2019-06-19,Armament
696,Karayan,2019-06-19,2020-10-14,Florida Mayhem
697,Karayan,2020-11-19,Present,O2 Blast
698,KariV,2016-??-??,2017-06-02,Mighty AOD
699,KariV,2017-06-02,2017-11-01,Immortals
700,KariV,2017-11-01,2019-10-23,Los Angeles Valiant
701,KariV,2019-10-23,2020-10-21,Toronto Defiant
702,KariV,2020-11-11,Present,Guangzhou Charge
703,Kellex,2016-10-13,2017-01-23,Fragsters
704,Kellex,2017-01-23,2017-03-05,Grand Danois
705,Kellex,2017-03-05,2017-08-31,Team Singularity
706,Kellex,2017-10-26,2019-10-21,Boston Uprising
707,Kellex,2019-11-05,2020-05-01,Toronto Defiant
708,Kellex,2020-05-01,2020-07-27,Retired
709,Kellex,2020-07-27,Present,British Hurricane
710,Kodak,2017-05-25,2017-07-16,123
711,Kodak,2017-09-28,2018-??-??,Mosaic eSports
712,Kodak,2018-06-06,2018-08-13,6nakes
713,Kodak,2018-10-28,2019-06-10,Atlanta Reign
714,Kodak,2019-06-10,2020-01-10,ATL Academy
715,Kodak,2020-01-31,2020-07-18,Atlanta Reign
716,Kodak,2020-07-18,2020-10-24,Atlanta Reign (Coach)
717,Krillin,2018-??-??,2018-05-??,CRusher
718,Krillin,2018-10-17,2020-10-15,London Spitfire
719,Kris,2016-??-??,2018-10-14,Meta Athena
720,Kris,2018-10-14,2020-10-14,Florida Mayhem
721,Kruise,2015-10-27,2016-02-04,WatchOut Gaming
722,Kruise,2016-02-04,2016-??-??,Arcane eSports
723,Kruise,2016-03-13,2017-01-09,REUNITED
724,Kruise,2017-02-13,2017-10-07,eUnited
725,Kruise,2017-12-27,2018-03-11,Orgless and Hungry
726,Kruise,2018-03-11,2018-10-23,Toronto Esports
727,Kruise,2018-10-23,2020-05-02,Paris Eternal
728,Kruise,2020-05-02,2020-10-21,Toronto Defiant
729,Krystal,2017-??-??,2018-01-15,Miracle Team One
730,Krystal,2018-01-15,2018-11-20,T1w
731,Krystal,2018-11-20,2019-08-02,Hangzhou Spark
732,Krystal,2019-08-02,2020-06-18,Hangzhou Spark (Inactive)
733,Krystal,2020-07-14,2020-10-16,Guangzhou Charge
734,Krystal,2020-07-14,2020-08-28,Ignite One
735,Krystal,2020-08-28,2020-10-16,Ultra Prime Academy
736,KuKi,2016-??-??,2017-11-04,MVP Space
737,KuKi,2017-11-04,2018-09-13,Seoul Dynasty
738,KuKi,2018-09-13,2019-07-06,Los Angeles Valiant
739,KuKi,2019-07-25,2019-11-19,RunAway (Coach)
740,KuKi,2019-11-19,Present,Florida Mayhem (Coach)
741,Kyb,2016-07-06,2017-01-09,REUNITED
742,Kyb,2017-02-04,2017-03-19,Bench Boys
743,Kyb,2017-03-19,2017-08-13,Laser Kittenz
744,Kyb,2017-08-13,2017-??-??,Cloud9 EU
745,Kyb,2017-12-30,2018-01-??,Sleeper Picks
746,Kyb,2018-01-20,2018-02-15,Those Guys
747,Kyb,2018-02-15,2018-11-22,British Hurricane
748,Kyb,2018-11-22,2019-07-17,Guangzhou Charge
749,Kyb,2019-07-17,2019-10-23,Philadelphia Fusion
750,Kyo,????-??-??,2016-08-31,Oversalt
751,Kyo,2016-08-31,2016-12-09,Keep Gaming
752,Kyo,2016-12-10,2017-03-12,WS Esports
753,Kyo,2017-11-10,2018-01-12,Outlanders
754,Kyo,2018-01-28,2018-02-26,Team Jesus
755,Kyo,2018-02-26,2018-03-28,Just W
756,Kyo,2018-03-28,2018-07-06,paiN Gaming (Analyst)
757,Kyo,2018-10-24,2018-12-08,Black Dragons e-Sports
758,Kyo,2019-06-03,2019-07-22,XTEN Esports
759,Kyo,2019-07-22,2019-08-01,T1me
760,LIP,2018-??-??,2018-06-11,Maxstill SomeDay
761,LIP,2018-06-11,2019-11-25,BlossoM
762,LIP,2019-11-25,Present,Shanghai Dragons
763,Lastro,2018-??-??,2018-??-??,World Game Star H2
764,Lastro,2018-10-20,2019-01-21,StormQuake
765,Lastro,2019-02-03,2019-10-31,Skyfoxes
766,Lastro,2019-10-31,Present,Los Angeles Valiant
767,Leave,2016-12-15,2017-12-06,Miraculous Youngster
768,Leave,2019-07-25,Present,Chengdu Hunters
769,LeeJaeGon,2018-04-01,2018-06-20,We Love Gaming KR
770,LeeJaeGon,2018-06-20,2018-10-07,Monster Shield KR
771,LeeJaeGon,2018-10-??,2018-10-16,Future Group
772,LeeJaeGon,2018-10-16,2019-11-25,RunAway
773,LeeJaeGon,2019-11-25,Present,Shanghai Dragons
774,Lengsa,2016-10-01,2017-09-18,Team Celestial
775,Lengsa,2017-09-18,2018-09-01,Retired
776,Lengsa,2018-09-01,2018-10-??,LinGan e-Sports Youth
777,Lengsa,2018-10-??,2018-11-??,CEGM E-sports
778,Lengsa,2018-11-??,2019-01-27,LinGan e-Sports
779,Lengsa,2019-01-27,2020-01-14,LGE.Huya
780,Lengsa,2020-01-14,2020-11-18,Chengdu Hunters
781,Lengsa,2020-11-18,Present,Team Chaser
782,LhCloudy,2017-01-06,2017-12-11,ENCE eSports
783,LhCloudy,2017-12-11,2018-09-09,Team Gigantti
784,LhCloudy,2018-09-09,2018-10-23,Mayhem Academy
785,LhCloudy,2018-10-23,2019-10-23,Paris Eternal
786,LhCloudy,2019-12-04,2020-10-12,Los Angeles Gladiators
787,LhCloudy,2020-12-06,Present,ÄöÅ
788,LiNkzr,2015-10-21,2015-11-16, Planetkey Dynamics
789,LiNkzr,2015-11-16,201?-??-??, DEALWITHPEPE
790,LiNkzr,2016-??-??,2016-04-12,FlatEarth
791,LiNkzr,2016-04-12,2016-08-18,Creation eSports
792,LiNkzr,2016-08-18,2017-05-15, Team Dignitas
793,LiNkzr,2017-06-23,2017-08-02,Rest in Pyjamas
794,LiNkzr,2017-08-02,2017-10-31,Team Gigantti
795,LiNkzr,2017-10-31,2020-10-14,Houston Outlaws
796,LiNkzr,2020-12-01,Present,Vancouver Titans
797,Libero,2016-??-??,2017-10-04,Meta Athena
798,Libero,2017-10-30,2020-11-18,New York Excelsior
799,Logix,2016-07-??,2016-08-??,Evoks
800,Logix,2016-10-23,2017-01-04,mousesports
801,Logix,2017-01-10,2017-03-14,Movistar Riders (Trial)
802,Logix,2017-03-14,2017-07-10,Movistar Riders
803,Logix,2017-08-16,2017-11-02,Misfits
804,Logix,2017-11-02,2018-09-05,Florida Mayhem
805,Logix,2018-11-21,2019-01-15,XL2 Academy
806,Logix,2019-02-18,2019-06-28,Montreal Rebellion
807,Logix,2019-06-28,Present,Toronto Defiant
808,Lr1s,2019-03-27,2019-05-31,Meta Athena
809,Lr1s,2019-06-??,2019-07-02,Goin Water S
810,Lr1s,2019-07-02,2019-12-22,Far East Society
811,Lr1s,2019-12-22,2020-07-19,Third Impact
812,Lr1s,2020-07-31,Present,Atlanta Reign
813,Luffy,2016-12-12,2017-08-07,Team Kongdoo Panthera
814,Luffy,2017-08-07,2017-11-20,Team Kongdoo Uncia
815,Luffy,2017-11-20,2018-10-22,Team KongDoo Panthera
816,Luffy,2018-10-22,2020-10-26,Shanghai Dragons
817,M1ka,2017-08-05,2018-06-09,Team Skadi's Gift
818,M1ka,2018-06-09,2019-03-12,Flag Gaming
819,M1ka,2019-03-14,2020-01-14,Bilibili Gaming
820,M1ka,2020-01-14,Present,Hangzhou Spark
821,MG,2016-09-?? ,2016-10-??,Star Club
822,MG,2016-10-27,2017-10-31,LGD Gaming
823,MG,2017-10-31,2018-06-05,Shanghai Dragons
824,MG,2018-08-29,2018-11-02,Big Time Regal Gaming
825,MG,2018-11-02,2018-11-18,LGD Gaming
826,MG,2018-11-18,2019-03-12,Flag Gaming
827,MG,2019-03-14,2019-05-30,GZ Academy
828,MG,2019-06-??,2019-09-04,Cyclone Coupling
829,Mandu,2018-??-??,2018-10-??,Armament
830,Mandu,2018-10-??,2019-04-??,WGS Armament
831,Mandu,2019-04-??,2019-11-26,O2 Blast
832,Mandu,2019-11-26,2020-06-03,New York Excelsior (Inactive)
833,Mandu,2020-06-03,2020-11-03,New York Excelsior
834,Mandu,2020-11-12,Present,Guangzhou Charge
835,Mangachu,2016-04-??,2016-05-19,Grouchy Desperados
836,Mangachu,2016-05-19,2016-08-??,Northern Gaming Red
837,Mangachu,2016-08-31,2016-11-15, Tempo Storm NA
838,Mangachu,2017-01-03,2017-10-12,Renegades
839,Mangachu,2018-02-20,2019-01-12,XL2 Academy
840,Mangachu,2019-01-30,2019-05-20,Mayhem Academy
841,Mangachu,2019-06-11,2019-06-28,Revival
842,Mangachu,2020-01-08,2020-04-06,Montreal Rebellion
843,Mangachu,2019-06-28,2020-10-21,Toronto Defiant
844,Mangachu,2020-05-13,2020-10-21,Toronto Defiant (Coach)
845,Manneten,2016-06-14,2016-08-01, 2sTroNk
846,Manneten,2016-08-01,2016-12-05, Luminosity Gaming
847,Manneten,2016-12-05,2017-11-02,Misfits
848,Manneten,2017-11-02,2018-09-05,Florida Mayhem
849,Manneten,2018-10-31,2019-05-20,Mayhem Academy
850,Manneten,2019-06-11,2020-01-03,Revival
851,Mano,2016-09-27,2016-11-??,Rhinos Gaming Wings
852,Mano,2016-12-15,2017-08-08,AF.Blue
853,Mano,2017-08-08,2017-10-30,LW Blue
854,Mano,2017-10-30,2020-11-02,New York Excelsior
855,Mano,2020-11-02,Present,Philadelphia Fusion
856,Marve1,2017-04-28,2018-02-10,Meta Bellum
857,Marve1,2018-05-??,2018-10-19,Lucky Future Zenith
858,Marve1,2018-10-19,Present,Seoul Dynasty
859,Masaa,2017-??-??,2017-??-??,Nerf Gaming
860,Masaa,2017-07-31,2017-11-11,NYYRIKKI Esports
861,Masaa,2018-01-26,2018-10-28,Team Gigantti
862,Masaa,2018-10-28,Present,Atlanta Reign
863,McGravy,2016-??-??,2016-??-??,Frame One
864,McGravy,2016-08-31,2017-01-05,KATT5
865,McGravy,2017-01-07,2018-06-26,EnVision eSports
866,McGravy,2018-07-02,2019-02-22,Team Envy
867,McGravy,2019-02-22,2019-04-05,Florida Mayhem
868,McGravy,2019-04-05,2019-05-10,Florida Mayhem (Inactive)
869,McGravy,2019-05-10,2020-10-16,Los Angeles Valiant
870,McGravy,2019-11-17,Present,Revival
871,MekO,2016-09-27,2017-10-30,LW Blue
872,MekO,2017-10-30,2019-10-17,New York Excelsior
873,MekO,2019-11-16,Present,Houston Outlaws
874,Michelle,2017-??-??,2017-??-??,MiraGe Gaming
875,Michelle,2017-06-??,2018-01-??,Ardeont
876,Michelle,2018-02-11,2018-10-19,Lucky Future Zenith
877,Michelle,2018-10-19,2020-11-20,Seoul Dynasty
878,Michelle,2020-11-24,Present,Toronto Defiant
879,Mickie,2016-??-??,2016-11-16,Team WeedTime
880,Mickie,2016-11-16,2016-12-18,Team EnVyUs (Stand-in)
881,Mickie,2016-12-18,2017-10-05,Team EnVyUs
882,Mickie,2017-10-05,2020-01-29,Dallas Fuel
883,Mickie,2020-01-29,Present,Team Envy (Streamer)
884,Miro,2016-08-??,2017-10-23,Lunatic-Hai
885,Miro,2017-08-22,2018-09-02,Seoul Dynasty
886,Miro,2018-10-02,2020-11-04,Gen.G (Streamer)
887,MirroR,2018-06-07,2018-07-18,Bazooka Puppiez
888,MirroR,2018-07-19,2018-10-10,One.PoinT
889,MirroR,2018-11-16,2019-02-12,Second Wind
890,MirroR,2019-02-13,2019-04-10,One.PoinT
891,MirroR,2019-04-10,2019-05-08,NRG Esports
892,MirroR,2019-05-22,2019-11-12,Uprising Academy
893,MirroR,2019-11-12,Present,Los Angeles Gladiators
894,Mistakes,2016-??-??,2017-08-25,Prets
895,Mistakes,2016-08-25,2016-10-17,TORNADO ROX
896,Mistakes,2017-05-25,2017-08-13,123
897,Mistakes,2017-10-26,2018-09-02,Boston Uprising
898,Mistakes,2018-10-30,2019-07-01,Retired
899,Mistakes,2019-07-01,2019-12-20,Montreal Rebellion
900,Mistakes,2020-01-10,2020-02-05,xterra
901,Mistakes,2020-04-09,2020-04-28,Angry Titans
902,Molly,2017-11-??,2019-01-27,LinGan e-Sports
903,Molly,2019-01-27,2020-01-14,LGE.Huya
904,Molly,2020-01-14,2020-11-25,Chengdu Hunters
905,Molly,2020-11-25,Present,Shanghai Dragons
906,Mouffin,2018-??-??,2018-06-24,Eminent
907,Mouffin,2019-07-15,2019-07-15,Team Envy (Stand-in)
908,Mouffin,2019-08-01,2020-03-07,Uprising Academy
909,Mouffin,2020-03-07,2020-04-04,Uprising Academy (Inactive)
910,Mouffin,2019-11-07,2020-04-04,Boston Uprising
911,Muma,2016-??-??,2016-??-??,20bOink
912,Muma,2016-09-29,2017-05-26,Gale Force eSports
913,Muma,2017-06-03,2017-10-16,FNRGFE
914,Muma,2017-10-31,2020-10-14,Houston Outlaws
915,Muma,2020-11-28,Present,DarkMode NA
916,Munchkin,2016-??-??,2017-04-05,Rhinos Gaming Titan
917,Munchkin,2017-04-22,2017-04-25,Lunatic-Hai
918,Munchkin,2017-04-26,2017-07-25,Laser Kittenz
919,Munchkin,2017-10-15,2019-07-17,Seoul Dynasty
920,Munchkin,2019-07-17,2019-07-25,Seoul Dynasty (Inactive)
921,Munchkin,2019-11-21,2020-03-03,Boston Uprising
922,Munchkin,2020-03-03,2020-06-21,Lucky Future
923,Myunb0ng,2018-10-??,2019-04-??,WGS Armament
924,Myunb0ng,2019-04-??,2019-10-28,O2 Blast
925,Myunb0ng,2019-10-28,Present,Boston Uprising
926,NLaaeR,2016-0?-??,2016-08-25, Prets
927,NLaaeR,2016-08-25,2017-01-31, TORNADO ROX
928,NLaaeR,2017-01-31,2017-02-13,ex-RoX
929,NLaaeR,2017-03-22,2017-06-14,Owly Six
930,NLaaeR,2017-07-12,2017-10-31,Golden Sausage
931,NLaaeR,2017-10-30,2017-??-??,Rockets Esports
932,NLaaeR,2018-02-09,2018-10-28,Last Night's Leftovers
933,NLaaeR,2018-10-28,2019-11-09,Atlanta Reign
934,NUS,2016-??-??,2017-08-06,Meta Athena
935,NUS,2017-11-04,2019-10-03,London Spitfire
936,NUS,2020-02-29,2020-05-03,Lucky Future
937,Neko,2017-05-14,2017-11-07,RX Foxes
938,Neko,2017-11-07,2018-10-27,Boston Uprising
939,Neko,2018-10-27,2019-10-31,Toronto Defiant
940,Neko,2019-12-31,2020-11-30,O2 Blast
941,Neko,2020-11-30,Present,Guangzhou Charge (Coach)
942,Nenne,2017-05-02,2017-10-??,LW Red
943,Nenne,2017-11-14,2018-01-19,Lunatic-Hai
944,Nenne,2018-02-20,2018-11-08,XL2 Academy
945,Nenne,2018-11-08,2020-10-21,New York Excelsior
946,Nevix,2015-10-17,2015-12-09,Eccentric Gaming
947,Nevix,2015-12-09,2016-02-01,VÄLFÄRD
948,Nevix,2016-02-01,2016-03-??,SK Gaming
949,Nevix,2016-03-??,2016-03-??,Ventus Gaming
950,Nevix,2016-03-??,2016-05-16,IMPULSE 11
951,Nevix,2016-05-21,2016-06-23,Graviton Surge
952,Nevix,2016-06-23,2017-08-13,Misfits
953,Nevix,2017-08-13,2017-10-30,Cloud9 EU
954,Nevix,2017-10-30,2019-10-09,San Francisco Shock
955,Nevix,2019-11-07,2020-10-21,Toronto Defiant
956,NiCOgdh,2015-08-05,2016-10-14,melty eSport Club
957,NiCOgdh,2016-11-10,2017-01-11,Bonjour
958,NiCOgdh,2017-02-24,2017-10-08,Rogue
959,NiCOgdh,2017-12-18,2018-09-23,Eagle Gaming
960,NiCOgdh,2018-10-23,2020-11-16,Paris Eternal
961,NoSmite,2017-??-??,2018-09-??,X6-Gaming
962,NoSmite,2018-11-16,2019-11-23,Hangzhou Spark
963,NoSmite,2019-06-26,2019-11-23,Bilibili Gaming
964,NoSmite,2019-11-23,2020-10-22,Paris Eternal
965,Nomy,2016-06-15,2016-06-24,Sodipop
966,Nomy,2016-06-24,2016-??-??,Ronin
967,Nomy,2016-??-??,2016-09-12,Sodipop
968,Nomy,2016-09-12,2017-06-02,Immortals
969,Nomy,2017-06-02,2017-06-13,Immortals (Inactive)
970,Nomy,2017-08-??,2017-09-??,Virtue
971,Nomy,2017-09-28,2018-08-22,San Francisco Shock
972,Nomy,2018-10-03,2018-11-14,GOATS
973,Nomy,2018-11-14,2019-02-12,First Generation
974,Nomy,2019-02-12,2019-02-18,Second Generation
975,Nomy,2019-02-18,2019-04-14,Montreal Rebellion
976,Nomy,2020-01-08,2020-07-18,Square One (Coach)
977,Nomy,2020-07-24,2020-08-19,Triumph (Coach)
978,NotE,2016-08-??,2016-11-??,I'm Your Huckleberry
979,NotE,2016-12-28,2017-??-??,Toronto Esports
980,NotE,2017-10-26,2019-04-02,Boston Uprising
981,NotE,2019-04-02,2020-10-16,Dallas Fuel
982,Numlocked,2015-11-26,2016-04-02,G2 Esports
983,Numlocked,2016-04-11,2016-04-12,FlatEarth
984,Numlocked,2016-04-12,2016-08-18,Creation eSports
985,Numlocked,2016-08-18,2016-10-10,Team Dignitas
986,Numlocked,2016-10-31,2017-07-23,NRG Esports
987,Numlocked,2017-11-02,2018-09-07,Los Angeles Valiant
988,Numlocked,2018-11-06,2019-07-15,British Hurricane
989,Numlocked,2019-07-15,2020-01-08,Team Envy
990,Numlocked,2020-01-10,2020-03-16,NYYRIKKI Esports
991,Numlocked,2020-03-18,2020-04-06,Montreal Rebellion
992,Numlocked,2020-06-03,2020-10-21,Toronto Defiant
993,Numlocked,2020-11-17,Present,Young and Beautiful
994,OGE,2017-??-??,2017-02-??,Luminous Solar
995,OGE,2017-05-14,2017-07-16,Nc Foxes
996,OGE,2017-07-29,2017-10-03,CONBOX
997,OGE,2018-03-08,2019-10-29,Dallas Fuel
998,OGE,2019-10-29,2020-10-16,Los Angeles Gladiators
999,Onigod,2015-09-02,2016-10-07,Nordic Alpha
1000,Onigod,2016-10-07,2017-01-06,REUNITED
1001,Onigod,2017-01-20,2017-08-17,Toronto Esports
1002,Onigod,2017-12-28,2019-06-06,Angry Titans
1003,Onigod,2019-07-08,2019-08-01,GRUNTo Esports
1004,Onigod,2019-08-12,2019-08-18,Third Impact
1005,Onigod,2020-01-10,2020-04-27,Team Envy
1006,Onigod,2020-04-27,2020-06-19,Team Doge
1007,Onigod,2020-06-19,2020-10-16,Dallas Fuel
1008,Onigod,2020-11-02,Present,New Kings
1009,OnlyWish,2017-03-??,2018-11-22,LGD Gaming
1010,OnlyWish,2019-03-14,2019-05-30,GZ Academy
1011,OnlyWish,2018-11-22,2019-11-11,Guangzhou Charge
1012,OnlyWish,2020-02-??,2020-06-30,Cosmos et Veritas Gaming
1013,Paintbrush,2017-??-??,2017-??-??,NO ANIME ALLOWED
1014,Paintbrush,201?-??-??,2018-02-??,No Clout
1015,Paintbrush,2018-02-21,2019-05-20,Mayhem Academy
1016,Paintbrush,2019-06-11,2019-10-16,Revival
1017,Paintbrush,2019-11-13,2020-06-07,Los Angeles Gladiators
1018,Paintbrush,2020-06-07,2020-10-16,Dallas Fuel
1019,Persia,2018-03-08,2019-02-25,Talon Esports
1020,Persia,2019-04-02,2019-10-21,Boston Uprising
1021,Pine,2016-??-??,2017-04-25,LW Red
1022,Pine,2017-04-25,2017-10-30,LW Blue
1023,Pine,2017-10-30,2019-12-06,New York Excelsior
1024,Pine,2019-12-06,2020-09-15,Retired
1025,Pine,2019-12-06,Present,New York Excelsior (Streamer)
1026,Poko,2016-07-10,2016-09-23,xoxo
1027,Poko,2016-09-23,2016-11-20,PuLse Gaming
1028,Poko,2016-11-20,2017-11-03,GamersOrigin
1029,Poko,2017-11-03,Present,Philadelphia Fusion
1030,Pokpo,2017-??-??,2017-12-25,CHG
1031,Pokpo,2017-12-25,2018-??-??,GameHome Nexus
1032,Pokpo,2018-02-23,2018-10-28,Element Mystic
1033,Pokpo,2018-10-28,2020-10-22,Atlanta Reign
1034,Profit,2017-??-??,2017-11-04,GC Busan
1035,Profit,2017-11-04,2019-10-22,London Spitfire
1036,Profit,2019-10-22,Present,Seoul Dynasty
1037,QoQ,2016-??-??,2017-??-??,IX
1038,QoQ,2017-04-??,2017-06-19,EHOME Spear
1039,QoQ,2017-07-15,2018-04-30,MVP Space
1040,QoQ,2018-10-11,2019-11-21,RunAway
1041,QoQ,2020-01-14,2020-06-19,T1
1042,QoQ,2020-06-19,2020-11-13,Hangzhou Spark
1043,Quatermain,2016-??-??,2016-08-15,MiG Blaze
1044,Quatermain,2016-08-15,2017-07-11,AF.Red
1045,Quatermain,2017-08-07,2017-11-20,Team KongDoo Uncia
1046,Quatermain,2018-03-26,2018-07-09,Samsung MorningStars Black
1047,Quatermain,2019-04-26,2019-11-12,London Spitfire
1048,Quatermain,2020-04-21,2020-12-04,Shanghai Dragons (Coach)
1049,RaiN,2017-??-??,2017-06-21,EHOME Shield
1050,RaiN,2017-??-??,2018-01-30,O2 Blast
1051,RaiN,2018-01-30,2019-01-21,O2 Team
1052,RaiN,2019-01-21,2019-06-17,O2 Blast
1053,RaiN,2019-06-17,2019-10-07,Florida Mayhem
1054,RaiN,2020-01-07,Present,Los Angeles Valiant
1055,Rapel,2017-08-01,2018-11-25,Element Mystic
1056,Rapel,2018-12-01,2019-11-14,Vancouver Titans
1057,Rapel,2019-11-15,2020-10-27,Houston Outlaws
1058,Rapel,2020-10-27,Present,Dallas Fuel
1059,Rascal,2016-09-27,2017-09-20,Team KongDoo Panthera
1060,Rascal,2017-09-20,2017-11-04,Cloud9 KongDoo
1061,Rascal,2017-11-04,2018-02-21,London Spitfire
1062,Rascal,2018-02-21,2018-04-16,Dallas Fuel
1063,Rascal,2018-06-15,2018-09-25,NRG Esports
1064,Rascal,2018-09-25,2020-10-25,San Francisco Shock
1065,Rawkus,2016-07-18,2016-08-20,Ohno
1066,Rawkus,2016-08-20,2017-10-31, FaZe Clan
1067,Rawkus,2017-10-31,2020-08-01,Houston Outlaws
1068,Revenge,2017-07-29,2017-10-03,CONBOX
1069,Revenge,2018-01-02,2018-11-19,Seven
1070,Revenge,2018-11-19,2019-11-11,Hangzhou Spark
1071,Revenge,2019-12-24,Present,RunAway
1072,Ria,2017-08-04,2017-11-05,RX Foxes
1073,Ria,2017-11-05,2018-03-12,Bon's Spirit Gaming
1074,Ria,2018-03-12,2018-09-??,X6-Gaming
1075,Ria,2018-11-17,2020-06-19,Hangzhou Spark
1076,Ria,2020-06-19,2020-10-18,Hangzhou Spark (Inactive)
1077,Ria,2020-11-22,Present,Washington Justice
1078,Rio,2017-04-08,2017-07-11,Afreeca Freecs Red
1079,Rio,2017-08-06,2018-02-10,Meta Athena
1080,Rio,2018-02-10,2018-11-22,Meta Bellum
1081,Rio,2018-11-22,Present,Guangzhou Charge
1082,Ripa,2017-01-06,2017-12-11,ENCE eSports
1083,Ripa,2017-12-11,2018-11-28,Team Gigantti
1084,Ripa,2018-11-28,2019-10-18,Los Angeles Gladiators
1085,Ripa,2019-12-21,Present,British Hurricane
1086,Rise,2017-08-12,2017-10-??,LW Red
1087,Rise,2018-01-13,2018-03-12,Bon's Spirit Gaming
1088,Rise,2018-03-12,2018-05-??,Simplicity
1089,Rise,2018-07-03,2018-11-22,Meta Bellum
1090,Rise,2019-03-14,2019-05-30,GZ Academy
1091,Rise,2018-11-22,2019-11-11,Guangzhou Charge
1092,RoKy,2017-05-14,2017-07-??,Nc Foxes
1093,RoKy,2018-02-05,2018-09-??,X6-Gaming
1094,RoKy,2018-10-18,2018-11-12,Seven
1095,RoKy,2018-11-19,2018-11-27,O2 Team
1096,RoKy,2019-10-09,2020-04-06,Montreal Rebellion
1097,RoKy,2018-11-27,2020-10-21,Toronto Defiant
1098,Roolf,2016-06-17,2016-08-03,1SHOT
1099,Roolf,2016-08-03,2016-10-29,Method
1100,Roolf,2016-10-29,2017-10-07,Cloud9
1101,Roolf,2018-02-15,2019-12-04,Gladiators Legion
1102,Roolf,2020-01-10,2020-05-08,Second Wind
1103,Roolf,2020-05-08,Present,Vancouver Titans
1104,Roshan,2016-??-??,2017-10-31,FTD Club
1105,Roshan,2017-10-31,2018-09-02,Shanghai Dragons
1106,Roshan,2019-04-20,2019-11-15,Light Gaming
1107,Roshan,2019-12-04,Present,Talent Transmission (Coach)
1108,SADO,2017-11-03,2020-11-11,Philadelphia Fusion
1109,SADO,2020-11-21, Present, Toronto Defiant
1110,Saebyeolbe,2016-08-??,2016-09-??, TEAM AIM Arrow
1111,Saebyeolbe,2016-09-27,2017-10-30,LW Blue
1112,Saebyeolbe,2017-10-30,2020-11-18,New York Excelsior
1113,Saebyeolbe,2020-11-30,Present,Seoul Dynasty
1114,SASIN,2016-??-??,2017-03-??,IX
1115,SASIN,2017-05-14,2018-09-13,Foxes
1116,SASIN,2018-09-13,2018-12-15,Foxes (Inactive)
1117,SASIN,2018-12-15,2019-02-22,White Whale Incheon E-Sports
1118,SASIN,2019-02-22,2020-10-18,Hangzhou Spark
1119,SLIME,2017-08-13,2018-03-15,Bon's Spirit Gaming
1120,SLIME,2018-03-15,2018-10-16,RunAway
1121,SLIME,2018-12-01,2020-05-06,Vancouver Titans
1122,SLIME,2020-05-14,2020-11-20,Seoul Dynasty
1123,SNT,2016-??-??,2017-02-01,LW Red
1124,SNT,2017-10-04,2018-01-13,Meta Athena
1125,SNT,2018-01-13,2019-06-02, Florida Mayhem
1126,SNT,2019-02-08,2019-06-02, Florida Mayhem (Coach)
1127,SNT,2019-07-??,2019-10-21,EM Academy (Coach)
1128,SNT,2019-10-21,2020-07-21,London Spitfire (Coach)
1129,Sp9rk1e,2017-08-01,2019-10-24,Element Mystic
1130,Sp9rk1e,2019-10-24,2020-05-31,Paris Eternal (Inactive)
1131,Sp9rk1e,2020-05-31,2020-10-23,Paris Eternal
1132,Sp9rk1e,2020-10-23,Present,Dallas Fuel
1133,SPACE,2017-01-??,2017-??-??, Late Bloomers
1134,SPACE,2016-03-01,2017-05-04,You guys get paid?
1135,SPACE,2017-05-04,2017-07-??,Arc 6
1136,SPACE,2017-08-25,2017-10-07,Cloud9 EU (Stand-in)
1137,SPACE,2017-11-02,2019-10-23,Los Angeles Valiant
1138,SPACE,2019-10-23,Present,Los Angeles Gladiators
1139,STRIKER,2017-??-??,2017-09-18,ROX Orcas
1140,STRIKER,2017-10-26,2018-12-03,Boston Uprising
1141,STRIKER,2018-12-03,Present,San Francisco Shock
1142,Swon,2016-09-09,2017-01-10,Team Kongdoo Panthera
1143,Swon,2017-01-10,2017-08-07,Team Kongdoo Uncia
1144,Swon,2018-02-26,2018-10-14,NRG Esports
1145,Swon,2018-10-14,2019-10-07,Florida Mayhem
1146,Swon,2020-02-18,2020-03-13,Light Gaming
1147,SanGuiNar,2019-02-??,2019-??-??,KPG Veloz
1148,SanGuiNar,2019-06-06,2019-11-23,Gen.B
1149,SanGuiNar,2019-11-23,2020-11-17,London Spitfire
1150,Sansam,2017-05-23,2017-07-11,AF.Red
1151,Sansam,2017-08-06,2017-10-04,Meta Bellum
1152,Sansam,2017-10-04,2018-11-11,Meta Athena
1153,Sansam,2018-12-04,2019-10-07,Washington Justice
1154,Saucy,2018-??-??,2018-09-??,The Dogmen
1155,Saucy,2018-10-02,2018-11-07,Second Wind
1156,Saucy,2018-11-23,2020-03-22,ATL Academy
1157,Saucy,2020-07-24,2020-10-22,Atlanta Reign
1158,Schwi,2018-02-??,2018-10-28,Machi Esports
1159,Schwi,2018-10-28,2019-07-07,RunAway
1160,Schwi,2019-11-23,2020-10-15,London Spitfire
1161,Seagull,2015-??-??,2016-02-07,Not Enigma
1162,Seagull,2016-??-??,2016-03-25,mixup
1163,Seagull,2016-03-25,2016-08-01,Luminosity Gaming
1164,Seagull,2016-08-01,2016-08-03,mixup
1165,Seagull,2016-08-01,2017-04-13,NRG Esports
1166,Seagull,2017-04-13,2017-09-23,NRG Esports (Inactive)
1167,Seagull,2017-09-23,2017-10-05,Team EnVyUs
1168,Seagull,2017-10-05,2018-08-07,Dallas Fuel
1169,SeoMinSoo,2017-07-16,2017-11-05,RX Foxes
1170,SeoMinSoo,2017-11-05,2018-04-??,Bon's Spirit Gaming
1171,SeoMinSoo,2018-05-20,2018-10-16,RunAway
1172,SeoMinSoo,2018-12-01,2020-05-06,Vancouver Titans
1173,SeoMinSoo,2020-11-20,Present,Hangzhou Spark
1174,ShRedLock,2019-06-11,2020-05-08,Second Wind
1175,ShRedLock,2020-05-08,Present,Vancouver Titans
1176,ShaDowBurn,2015-12-02,2015-12-30,FlipSid3 Tactics
1177,ShaDowBurn,2016-01-02,2016-02-??,G2 Esports
1178,ShaDowBurn,2016-02-??,2016-06-??,Quake Fortress
1179,ShaDowBurn,2016-06-??,2016-08-20,WEUNITED
1180,ShaDowBurn,2016-08-20,2017-11-03, FaZe Clan
1181,ShaDowBurn,2017-11-03,2018-09-02,Philadelphia Fusion
1182,ShaDowBurn,2018-10-23,2019-10-23,Paris Eternal
1183,SharP,2017-08-02,2017-09-28,Can we end early?
1184,SharP,2017-12-29,2018-02-04,Squid12324
1185,SharP,2018-02-21,2018-10-??,GGEA
1186,SharP,2018-11-15,2019-11-15,Team Envy
1187,SharP,2019-11-15,Present,Atlanta Reign
1188,Shax,2017-??-??,2017-02-22,Give Me Nano Boost
1189,Shax,2017-02-22,2017-??-??,Team Singularity Gorillaz
1190,Shax,2017-06-11,2017-06-19,Hashtag Brownies
1191,Shax,2017-08-26,2017-11-08,Copenhagen Flames
1192,Shax,2017-12-27,2018-05-??,Orgless and Hungry
1193,Shax,2018-06-26,2019-05-10,Mayhem Academy
1194,Shax,2019-05-10,Present,Los Angeles Valiant
1195,Shaz,2016-07-22,2016-??-??,Reason Gaming
1196,Shaz,2016-??-??,2017-03-07,The Chavs
1197,Shaz,2017-03-07,2017-07-31,Hammers Esports
1198,Shaz,2017-08-15,2017-11-02,Team Gigantti
1199,Shaz,2017-11-02,2020-10-06,Los Angeles Gladiators
1200,Sky,2016-12-15,2017-12-06,Miraculous Youngster
1201,Sky,2018-02-14,2018-09-02,Shanghai Dragons
1202,Sky,2020-05-01,2020-08-28,Ignite One (Coach)
1203,Sky,2020-08-28,Present,Ultra Prime Academy (Coach)
1204,Snow_(Brazilian_player),201?-??-??,201?-??-??,Lightning Storm
1205,Snow_(Brazilian_player),201?-??-??,2016-05-20,2Kill Gaming
1206,Snow_(Brazilian_player),2016-05-20,2016-08-03,Lightning Storm
1207,Snow_(Brazilian_player),2016-08-03,2016-12-06,Method
1208,Snow_(Brazilian_player),2016-12-06,2017-06-19,Keep Gaming
1209,Snow_(Brazilian_player),2017-06-23,2017-07-??,NRG Esports (Trial)
1210,Snow_(Brazilian_player),2017-??-??,2018-02-27,LFTOWL
1211,Snow_(Brazilian_player),2018-02-27,2018-03-28,Black Dragons e-Sports
1212,SoOn,2016-03-24,???,Unknown
1213,SoOn,2016-05-21,2016-06-23,Graviton Surge
1214,SoOn,2016-06-23,2016-12-05,Misfits
1215,SoOn,2016-12-05,2017-10-08,Rogue
1216,SoOn,2017-10-31,2018-10-18,Los Angeles Valiant
1217,SoOn,2018-10-23,2020-11-16,Paris Eternal
1218,SPREE,2016-??-??,2016-??-??,Team Ghost
1219,SPREE,2016-09-02,2016-10-??,PrimalInstinct
1220,SPREE,2016-08-25,2016-09-??,Team Project
1221,SPREE,2016-09-13,2016-10-20,Ninjas With Attitude
1222,SPREE,2016-10-20,2017-03-06,Luminosity Gaming
1223,SPREE,2017-03-06,2017-05-17,Luminosity Gaming Loyal
1224,SPREE,2017-05-??,2017-10-31,FaZe Clan
1225,SPREE,2017-10-31,2020-07-15,Houston Outlaws
1226,Stand1,2017-05-14,2017-07-16,Nc Foxes
1227,Stand1,2017-08-10,2017-10-03,CONBOX
1228,Stand1,2018-01-02,2018-10-18,Foxes
1229,Stand1,2018-10-18,2019-05-08,NRG Esports
1230,Stand1,2019-05-25,2019-06-05,Team Envy (Stand-in)
1231,Stand1,2019-06-05,2019-11-25,Gladiators Legion
1232,Stand1,2019-11-25,2020-11-27,Shanghai Dragons
1233,Stand1,2020-12-02,Present,Boston Uprising
1234,Stellar,2017-08-11,2017-12-05,DeToNator.KOREA
1235,Stellar,2017-??-??,2018-01-30,O2 Blast
1236,Stellar,2018-01-30,2018-10-29,O2 Ardeont
1237,Stellar,2018-10-29,2019-04-03,Toronto Defiant
1238,Stellar,2019-04-03,2019-07-15,Retired
1239,Stellar,2019-07-15,2019-10-21,Boston Uprising
1240,Stellar,2020-02-21,Present,Talon Esports
1241,Stitch,2016-12-??,2018-10-16,RunAway
1242,Stitch,2018-12-01,2020-05-06,Vancouver Titans
1243,Stitch,2020-05-16,2020-11-18,Washington Justice
1244,Stratus,2017-05-04,2017-09-11,Prestige Worldwide
1245,Stratus,2017-09-11,2017-12-26,Rockets Esports
1246,Stratus,2018-02-26,2018-10-18,NRG Esports
1247,Stratus,2018-12-04,2020-05-09,Washington Justice
1248,Stratus,2020-05-09,2020-06-19,Washington Justice (Streamer)
1249,Surefour,2015-??-??,2016-03-09,google me
1250,Surefour,2016-03-09,2017-11-02,Cloud9
1251,Surefour,2017-11-02,2019-11-04,Los Angeles Gladiators
1252,Surefour,2019-11-04,2020-10-21,Toronto Defiant
1253,Swimmer,2018-01-05,????-??-??,Team Venus
1254,Swimmer,2018-01-15,2018-03-28,Relapse: Spirit
1255,Swimmer,2018-03-28,2018-08-12,Armor.gg: Kyaaa Esports
1256,Swimmer,2018-09-14,2018-10-04,The Dogmen
1257,Swimmer,2018-10-04,2018-10-18,Skyfoxes
1258,Swimmer,2018-10-18,2018-11-12,Toronto Esports
1259,Swimmer,2018-11-12,2019-11-07,Uprising Academy
1260,Swimmer,2019-11-07,2020-04-14,Boston Uprising
1261,Taimou,2015-10-27,2015-12-10,k1ck eSports Club
1262,Taimou,2016-02-10,2016-03-08,IDDQD
1263,Taimou,2016-04-08,2016-04-23,IDDQD
1264,Taimou,2016-04-23,2017-10-05,Team EnVyUs
1265,Taimou,2017-10-05,2020-01-08,Dallas Fuel
1266,Taimou,2020-01-08,2020-04-06,Team Envy
1267,TiZi,2016-??-??,2017-04-??,Rhinos Gaming Wings
1268,TiZi,2017-08-07,2018-03-08,RunAway
1269,TiZi,2018-03-08,2018-05-22,London Spitfire
1270,TiZi,2018-05-22,2018-06-18,London Spitfire (Inactive)
1271,TiZi,2018-06-23,2019-01-25,XL2 Academy
1272,TiZi,2019-03-14,2019-05-30,GZ Academy
1273,TiZi,2019-06-06,2019-06-17,Chicken Contendies
1274,TiZi,2019-06-17,2019-07-03,GRUNTo Esports
1275,TiZi,2019-08-16,2019-11-13,Vancouver Titans
1276,TiZi,2020-03-23,2020-05-08,Lucky Future
1277,Toyou,2019-??-??,2019-??-??,KPG Veloz
1278,Toyou,2019-05-??,2020-04-??,Gen.A
1279,Toyou,2020-04-??,Present,Gen.G esports
1280,Toyou,2020-08-06,Present,Seoul Dynasty
1281,Trill,2016-10-10,2016-12-19,JAM Gaming
1282,Trill,2016-12-19,2017-03-23,Fusion Girls
1283,Trill,2017-03-23,2018-11-02,Blank Esports
1284,Trill,2018-11-02,2018-11-15,Sydney Drop Bears
1285,Trill,2018-11-15,2019-05-07,Team Envy
1286,Trill,2019-05-07,2020-10-16,Dallas Fuel
1287,Tsuna,2018-05-19,2018-06-25, Primate
1288,Tsuna,2018-10-24,2019-02-03,Young and Beautiful
1289,Tsuna,2019-02-23,2019-12-21,British Hurricane
1290,Tsuna,2020-01-13,2020-04-25,Eternal Academy
1291,Tsuna,2020-04-29,2020-05-06,Disaster
1292,Tsuna,2020-05-08,2020-10-16,Vancouver Titans
1293,TTuba,2017-03-21,2018-11-12,Seven
1294,TTuba,2018-11-13,2019-01-23,MVP Space
1295,TTuba,2019-02-25,2019-06-18,O2 Blast
1296,TTuba,2019-06-18,2019-09-04,Bubble Burster Gaming
1297,TTuba,2019-10-23,Present,Washington Justice
1298,TviQ,2015-??-??,2015-??-??,Pubstars
1299,TviQ,2015-??-??,201?-??-??,MyDong
1300,TviQ,2016-??-??,2016-04-08,IDDQD
1301,TviQ,2016-04-17,2016-05-03,MyDong
1302,TviQ,2016-05-03,2016-12-05,Rogue
1303,TviQ,2016-12-05,2017-11-02,Misfits
1304,TviQ,2017-11-02,2019-04-05,Florida Mayhem
1305,TviQ,2019-04-05,2019-06-02,Florida Mayhem (Inactive)
1306,TviQ,2019-07-13,2019-10-16,Revival
1307,Twilight,2016-??-??,2016-12-23,BK Stars
1308,Twilight,2016-12-23,2017-07-08,CONBOX
1309,Twilight,2017-12-19,2018-02-14,WGS Red
1310,Twilight,2018-02-14,2018-10-16,RunAway
1311,Twilight,2018-12-01,2020-05-06,Vancouver Titans
1312,Twilight,2020-05-17,Present,San Francisco Shock
1313,Undead,2016-07-04,2016-10-27,eStar Gaming
1314,Undead,2016-10-27,2017-10-31,LGD Gaming
1315,Undead,2017-10-31,2018-03-29,Shanghai Dragons
1316,Undead,2018-04-03,2018-09-18,LinGan e-Sports
1317,Undead,2018-09-18,2018-11-09,Ambitious Immortals (Coach)
1318,Undead,2018-11-??,2019-01-31,Never Lose Weight
1319,Undead,2018-11-??,2019-06-18,Never Lose Weight (Coach)
1320,Undead,2020-01-??,2020-05-??,IU
1321,Verbo,2016-04-01,2016-??-??,Bold Purpose Gaming
1322,Verbo,2016-08-29,2016-10-14,The Harambe Comets
1323,Verbo,2016-12-19,2017-11-01,Immortals
1324,Verbo,2017-11-01,2018-09-07,Los Angeles Valiant
1325,Verbo,2018-11-16,2019-01-03,Skyfoxes
1326,Verbo,2019-01-03,2019-12-09,Skyfoxes (Manager)
1327,Verbo,2019-12-09,2020-10-05,Retired
1328,Verbo,2020-11-03,Present,VASTA Gaming
1329,Viol2t,2016-??-??,2017-02-??,Luminous Solar
1330,Viol2t,2017-??-??,2018-01-30,O2 Blast
1331,Viol2t,2018-01-30,2018-10-24,O2 Ardeont
1332,Viol2t,2018-10-24,Present,San Francisco Shock
1333,Void,2017-04-17,2017-09-20,Team KongDoo Panthera
1334,Void,2017-09-20,2017-10-25,Cloud9 KongDoo
1335,Void,2017-11-20,2018-03-25,Team KongDoo Panthera
1336,Void,2018-03-25,2019-11-25,Los Angeles Gladiators
1337,Void,2019-11-25,Present,Shanghai Dragons
1338,Wekeed,2017-05-02,2017-10-??,LW Red
1339,Wekeed,2017-10-27,2018-09-02,Seoul Dynasty
1340,Wekeed,2018-12-??,2019-01-05,MVP Space
1341,Wekeed,2019-02-22,2020-05-07,Gen.G esports
1342,Wekeed,2020-05-07,2020-06-23,Lucky Future
1343,WhoRU,2016-10-??,2016-11-??,GH2
1344,WhoRU,2016-11-??,2017-01-01,Team HEXA
1345,WhoRU,2017-01-01,2018-01-19,Lunatic-Hai
1346,WhoRU,2018-01-29,2018-11-26,Fusion University
1347,WhoRU,2018-12-12,2019-06-04,Meta Athena (Loan)
1348,WhoRU,2018-11-26,2019-12-04,Fusion University (Inactive)
1349,WhoRU,2019-06-13,2019-12-04,Skyfoxes (Loan)
1350,WhoRU,2019-12-04,2020-10-21,New York Excelsior
1351,WooHyaL,2016-??-??,2016-??-??,ACE White
1352,WooHyaL,2017-08-05,2017-11-04,GC Busan
1353,WooHyaL,2017-11-04,2018-05-22,London Spitfire
1354,WooHyaL,2018-05-22,2018-06-18,London Spitfire (Inactive)
1355,WooHyaL,2018-06-23,2019-01-25,XL2 Academy
1356,WooHyaL,2019-02-22,2020-05-12,Gen.G esports
1357,WooHyaL,2020-07-30,Present,RunAway
1358,Xushu,2016-06-??,2016-10-31,All Strike Gaming
1359,Xushu,2016-11-??,2017-10-31,1246
1360,Xushu,2017-10-31,2018-09-02,Shanghai Dragons
1361,Xushu,2018-12-??,2019-01-12,Legend Young Beyond
1362,Xushu,2019-01-26,2019-02-??,Laboratory
1363,Xzi,2018-01-08,2019-10-25,Element Mystic
1364,Xzi,2019-10-25,2020-04-12,Paris Eternal
1365,Xzi,2020-04-12,2020-06-20,Paris Eternal (Inactive)
1366,Xzi,2020-06-20,2020-11-14,Paris Eternal
1367,Xzi,2020-11-14,Present,Dallas Fuel
1368,YOUNGJIN,2016-11-??,2017-??-??,wNv.KR
1369,YOUNGJIN,2017-10-19,2017-10-29,Afreeca Freecs
1370,YOUNGJIN,2017-11-20,2018-10-22,Team KongDoo Panthera
1371,YOUNGJIN,2018-10-22,2019-10-23,Shanghai Dragons
1372,Yaki,2016-??-??,2019-01-05,MVP Space
1373,Yaki,2019-01-31,2019-06-14,XL2 Academy
1374,Yaki,2019-06-17,2019-11-20,RunAway
1375,Yaki,2019-11-20,Present,Florida Mayhem
1376,Yakpung,2016-??-??,2017-??-??,TwoLetter
1377,Yakpung,2017-??-??,2018-01-30,O2 Blast
1378,Yakpung,2018-01-30,2018-10-30,O2 Ardeont
1379,Yakpung,2018-10-30,2019-10-16,Toronto Defiant
1380,Yakpung,2019-12-31,Present,O2 Blast
1381,YangXiaoLong,2017-??-??,2017-04-??,Super Valiant Gaming
1382,YangXiaoLong,2017-04-??,2017-12-06,Miraculous Youngster
1383,YangXiaoLong,2017-12-??,2018-05-04,Retired
1384,YangXiaoLong,2018-05-04,2018-07-??,Triple Six Legend (Coach)
1385,YangXiaoLong,2018-11-30,2019-12-27,Chengdu Hunters
1386,YangXiaoLong,2020-10-24,Present,Team Chaser (Coach)
1387,Yveltal,2016-08-??,2018-11-28,LinGan e-Sports
1388,Yveltal,2018-11-28,Present,Chengdu Hunters
1389,Yveltal,2020-11-18,Present,Team Chaser
1390,zunba,2016-09-??,2016-12-23,CONBOX T6
1391,zunba,2017-01-01,2017-10-23,Lunatic-Hai
1392,zunba,2017-08-22,2019-10-10,Seoul Dynasty
1393,ZachaREEE,2017-04-20,2017-10-11,Renegades
1394,ZachaREEE,2018-01-29,2018-11-26,Fusion University
1395,ZachaREEE,2018-12-03,2020-06-03,Dallas Fuel
1396,Zebbosai,2016-02-26,2016-03-22,Creation eSports
1397,Zebbosai,2016-??-??,2016-05-16,IMPULSE 11
1398,Zebbosai,2016-05-21,2016-06-23,Graviton Surge
1399,Zebbosai,2016-06-23,2017-11-02,Misfits
1400,Zebbosai,2017-11-02,2018-09-05,Florida Mayhem
1401,Zuppeh,2016-10-10,2017-06-21,Ninjas in Pyjamas
1402,Zuppeh,2017-06-23,2017-08-02,Rest in Pyjamas
1403,Zuppeh,2017-08-02,2017-08-15,Team Gigantti
1404,Zuppeh,2017-08-15,2017-11-02,Misfits
1405,Zuppeh,2017-11-02,2018-09-05,Florida Mayhem
1406,Zuppeh,2018-11-13,2019-12-23,Team Gigantti
1407,Zuppeh,2020-01-10,2020-04-10,NYYRIKKI Esports
1408,aKm,2016-03-24,2016-??-??,Unknown_
1409,aKm,2016-04-17,2016-05-03,MyDong
1410,aKm,2016-05-03,2017-10-08,Rogue
1411,aKm,2018-02-13,2020-10-17,Dallas Fuel
1412,alemao,2015-??-??,2016-07-07,based
1413,alemao,2016-07-07,2017-03-12,Black Dragons e-Sports
1414,alemao,2017-03-12,2018-11-21,Brasil Gaming House
1415,alemao,2018-11-21,2018-12-05,based tryhards
1416,alemao,2018-12-05,2019-10-21,Boston Uprising
1417,ameng,2017-10-??,2018-03-25,Legend Young Beyond
1418,ameng,2018-03-??,2018-08-27,Moss Seven Club
1419,ameng,2018-08-27,2018-09-12,Big Time Regal Gaming
1420,ameng,2018-09-??,2018-09-??,LGD Gaming (Trial)
1421,ameng,2018-11-29,Present,Chengdu Hunters
1422,axxiom,2017-08-??,2017-11-08, KNC Vmax
1423,axxiom,2017-11-08,2018-02-23, Foxes
1424,axxiom,2018-03-27,2018-10-30,Toronto Esports
1425,axxiom,2018-10-30,2020-03-09,Boston Uprising
1426,axxiom,2020-03-09,2020-11-12,Boston Uprising (Inactive)
1427,babybay,2016-??-??,2016-??-??,The Ecks Dees
1428,babybay,2016-??-??,2017-01-26,Kungarna
1429,babybay,2016-01-26,2016-02-05,Ghost Gaming
1430,babybay,2016-02-05,2017-02-08,Kungarna
1431,babybay,2017-02-08,2017-05-09, Splyce
1432,babybay,2017-05-22,2017-09-24,Kungarna
1433,babybay,2017-09-28,2019-04-02,San Francisco Shock
1434,babybay,2019-04-02,2020-07-17,Atlanta Reign
1435,Blasé,2016-07-08,2016-09-20,WIP
1436,Blasé,2016-09-27,2016-10-??,Brother
1437,Blasé,2017-03-??,2017-07-??,SOCQ
1438,Blasé,2018-02-15,2018-10-22,Gladiators Legion
1439,Blasé,2018-10-22,2019-10-22,Boston Uprising
1440,Blasé,2019-10-22,2020-10-14,Houston Outlaws
1441,BQB,2017-08-04,2018-09-??,X6-Gaming
1442,BQB,2018-10-14,Present,Florida Mayhem
1443,brussen,2018-03-26,2018-04-14,Freefall
1444,brussen,2018-04-14,2018-10-15,One.PoinT
1445,brussen,2018-11-26,2018-12-17,Bazooka Puppiez
1446,brussen,2019-03-25,2019-05-01,Freefall
1447,brussen,2019-05-09,2019-07-03,Young and Beautiful
1448,brussen,2019-07-03,2019-09-18,Angry Titans
1449,brussen,2019-11-22,2020-05-12,Boston Uprising
1450,brussen,2020-07-05,2020-08-30,Young and Beautiful
1451,byrem,2018-01-06,2018-01-19,BlossoM
1452,byrem,2018-10-18,2019-05-08,NRG Esports
1453,byrem,2019-05-13,2020-10-14,Florida Mayhem
1454,carpe,2016-12-??,2017-06-02,BK Stars
1455,carpe,2017-06-14,2017-07-07,Selfless Gaming (Trial)
1456,carpe,2017-08-15,2017-11-03,FaZe Clan
1457,carpe,2017-11-03,Present,Philadelphia Fusion
1458,cocco,2015-??-??,201?-??-??,HULKTastic
1459,cocco,2016-??-??,2016-04-23,IDDQD
1460,cocco,2016-04-23,2017-10-05,Team EnVyUs
1461,cocco,2017-10-05,2018-09-04,Dallas Fuel
1462,cocco,2018-09-04,2019-04-02,Dallas Fuel (Coach)
1463,coolmatt,2015-??-??,2016-02-03, Team Hubris
1464,coolmatt,2016-02-03,2016-04-17, Team EnVyUs
1465,coolmatt,2016-0?-??,2016-07-21, nubris
1466,coolmatt,2016-07-21,2017-05-30,Fnatic
1467,coolmatt,2017-05-30,2017-06-09,Fnatic (Inactive)
1468,coolmatt,2017-06-21,2017-10-08,FNRGFE
1469,coolmatt,2017-10-31,2020-01-14,Houston Outlaws
1470,coolmatt,2020-01-14,2020-10-19,Houston Outlaws (Manager)
1471,coolmatt,2020-10-19,Present,Houston Outlaws (General Manager)
1472,dafran,2017-01-31,2017-06-08,Selfless Gaming
1473,dafran,2017-06-08,2017-07-07,Selfless (Suspended)
1474,dafran,2018-03-06,2018-10-28,NRG Esports (Streamer)
1475,dafran,2018-10-28,2019-03-28,Atlanta Reign
1476,dafran,2019-03-28,Present,Atlanta Reign (Streamer)
1477,danye,2017-10-??,2017-10-??,Mkers (Trial)
1478,danye,2017-12-17,2018-04-10,Bazooka Puppiez
1479,danye,2018-06-25,2018-08-03,Copenhagen Flames
1480,danye,2018-10-23,2019-10-23,Paris Eternal
1481,danye,2020-04-07,2020-09-28,Retired
1482,danye,2020-11-04,2020-12-04,Old and Bored
1483,dhaK,2016-05-??,2016-05-??,"Fine, I'll go McCree"
1484,dhaK,2016-07-15,2017-07-07,Selfless Gaming
1485,dhaK,2017-09-28,2018-08-22,San Francisco Shock
1486,diem,2017-??-??,2017-06-??,Mighty AOD
1487,diem,2017-06-??,2018-01-22,Ardeont
1488,diem,2018-02-11,2018-10-22,Lucky Future Zenith
1489,diem,2018-10-22,2020-10-26,Shanghai Dragons
1490,diem,2020-12-02,Present,Shanghai Dragons
1491,eqo,2017-03-??,2017-04-??,compLexity Gaming (Trial)
1492,eqo,2017-??-??,2017-11-03,Zengaming eSports
1493,eqo,2017-11-03,2019-10-22,Philadelphia Fusion
1494,eqo,2019-10-30,Present,Philadelphia Fusion
1495,fragi,2016-??-??,2016-03-29,Paragon
1496,fragi,2016-03-29,2016-08-02,SG-1
1497,fragi,2016-08-02,2017-06-21,Ninjas in Pyjamas
1498,fragi,2017-06-23,2017-08-02,Rest in Pyjamas
1499,fragi,2017-08-02,2017-11-03,Team Gigantti
1500,fragi,2017-11-03,2019-07-17,Philadelphia Fusion
1501,fragi,2019-07-17,2019-11-11,Guangzhou Charge
1502,frd,2017-??-??,2017-??-??,Anime is real
1503,frd,2018-02-09,2018-04-27,Last Night's Leftovers
1504,frd,2018-10-02,2019-02-15,Second Wind
1505,frd,2019-03-02,2019-04-03,Gladiators Legion
1506,frd,2019-04-03,2020-10-22,Atlanta Reign
1507,frd,2020-12-01,Present,Vancouver Titans
1508,iDK,2017-04-19,2017-11-04,Afreeca Freecs
1509,iDK,2017-11-14,2018-01-19,Lunatic-Hai
1510,iDK,2018-02-11,2018-11-19,Lucky Future Zenith
1511,iDK,2018-11-19,Present,Hangzhou Spark
1512,iRemiix,2016-??-??,2017-01-26,Kungarna
1513,iRemiix,2016-01-26,2016-02-05,Ghost Gaming
1514,iRemiix,2016-02-05,2017-02-08,Kungarna
1515,iRemiix,2017-02-08,2017-05-09, Splyce
1516,iRemiix,2017-05-22,2017-09-24,Kungarna
1517,iRemiix,2017-11-02,2018-08-31,Los Angeles Gladiators
1518,iRemiix,2018-11-16,2019-05-18,Meta Skyfoxes
1519,iRemiix,2019-05-18,2019-06-11,Phase 2
1520,iRemiix,2019-06-11,2019-07-07,Revival
1521,iddqd,2016-??-??,2016-04-23,IMPULSE 11
1522,iddqd,2016-04-23,2016-05-03,MyDong
1523,iddqd,2016-05-03,2016-06-02,Rogue
1524,iddqd,2016-06-26,2016-07-21,nubris
1525,iddqd,2016-07-21,2016-10-21,Fnatic
1526,iddqd,2017-02-11,2017-09-28,NRG
1527,iddqd,2017-09-28,2018-08-22,San Francisco Shock
1528,im37,2019-03-14,2019-03-24,Wave Check
1529,im37,2019-03-24,2019-04-01,Second Wind
1530,im37,2019-04-04,2019-10-08,Toronto Defiant
1531,im37,2020-02-18,2020-03-13,Light Gaming
1532,im37,2020-03-30,2020-06-13,Uprising Academy
1533,im37,2020-06-13,2020-11-12,Uprising Academy (Inactive)
1534,im37,2020-06-13,2020-11-12,World Game Star Phoenix (Loan)
1535,im37,2020-11-12,Present,Boston Uprising
1536,ivy,2017-??-??,2018-01-30,O2 Blast
1537,ivy,2018-01-30,2018-10-29,O2 Ardeont
1538,ivy,2018-10-29,2019-10-30,Toronto Defiant
1539,ivy,2019-10-30,2020-11-11,Philadelphia Fusion
1540,kevster,2018-02-09,2018-05-22,Last Night's Leftovers
1541,kevster,2018-06-20,2018-10-08,Orgless and Hungry
1542,kevster,2018-10-18,2019-05-08,NRG Esports
1543,kevster,2019-06-12,2019-09-30,Angry Titans
1544,kevster,2020-01-10,2020-04-27,Team Envy
1545,kevster,2020-04-27,2020-06-16,Team Doge
1546,kevster,2020-06-16,Present,Los Angeles Gladiators
1547,lateyoung,2017-04-??,2017-12-06,Miraculous Youngster
1548,lateyoung,2018-03-21,2018-11-07,Team CC
1549,lateyoung,2018-11-29,Present,Chengdu Hunters
1550,lateyoung,2020-11-18,Present,Team Chaser
1551,mikeyy,2019-01-11,2019-01-27,Golden Gophers
1552,mikeyy,2019-11-09,2020-03-14,Skyfoxes
1553,mikeyy,2020-03-14,2020-05-21,Noble
1554,mikeyy,2020-05-21,2020-10-08,Boston Uprising
1555,mikeyy,2020-10-27,2020-11-04,Noble
1556,moth,2017-??-??,2017-04-07,doot doot
1557,moth,2017-04-07,2017-05-??,Rockets Esports
1558,moth,2017-05-??,2017-09-??,Virtue
1559,moth,2017-09-15,2018-02-02,Toronto Esports
1560,moth,2018-03-03,2018-03-13,Toronto Esports
1561,moth,2018-03-13,2020-11-12,San Francisco Shock
1562,moth,2020-11-12,Present,Los Angeles Gladiators
1563,neptuNo,2016-06-12,2016-11-17,Stone Templars
1564,neptuNo,2016-??-??,2016-08-02,Aera eSport
1565,neptuNo,2016-08-02,2016-??-??,NoNameYet
1566,neptuNo,2016-12-11,2016-12-18,Team Vitality (Stand-in)
1567,neptuNo,2016-12-??,2017-01-04,mousesports
1568,neptuNo,2017-01-10,2017-07-10,Movistar Riders
1569,neptuNo,2017-08-25,2017-10-07,Cloud9 EU (Stand-in)
1570,neptuNo,2017-11-03,2019-10-21,Philadelphia Fusion
1571,neptuNo,2019-11-14,2020-04-24,Guangzhou Charge
1572,neptuNo,2020-04-24,2020-06-19,Guangzhou Charge (Inactive)
1573,neptuNo,2020-06-19,2020-07-20,Guangzhou Charge
1574,neptuNo,2020-07-20,2020-10-15,Guangzhou Charge (Inactive)
1575,nero,2017-??-??,2017-??-??,Virtue
1576,nero,2017-??-??,2018-02-02,Toronto Esports
1577,nero,2018-03-03,2018-11-12,Toronto Esports
1578,nero,2018-11-12,2018-11-22,Uprising Academy
1579,nero,2019-03-14,2019-05-30,GZ Academy
1580,nero,2018-11-22,2020-07-22,Guangzhou Charge
1581,nero,2020-07-22,2020-08-19,Guangzhou Charge (Inactive)
1582,nero,2020-08-19,2020-11-09,Guangzhou Charge
1583,nero,2020-11-30,Present,San Francisco Shock
1584,punk,2017-08-31,2018-09-09,Dark Sided
1585,punk,2018-11-02,2018-12-26,Sydney Drop Bears
1586,punk,2018-12-26,2019-12-02,Uprising Academy
1587,punk,2020-05-11,Present,Boston Uprising
1588,rCk,2017-05-31,2017-12-11,ENCE eSports
1589,rCk,2018-01-26,2018-11-11,Team Gigantti
1590,rCk,2018-11-11,2019-04-02,Dallas Fuel
1591,rCk,2019-04-02,2019-10-21,Boston Uprising
1592,rCk,2020-01-16,2020-04-24,HSL Esports
1593,rCk,2020-04-29,2020-07-14,Disaster
1594,rOar,2016-??-??,2016-??-??,Team Uniqueness
1595,rOar,2017-02-01,2017-10-22,LW Red
1596,rOar,2017-11-20,2018-10-25,Team KongDoo Panthera
1597,rOar,2018-10-25,2019-10-18,Los Angeles Gladiators
1598,rOar,2019-10-18,2020-10-22,Washington Justice
1599,ryujehong,2016-08-??,2017-10-23,Lunatic-Hai
1600,ryujehong,2017-08-22,2019-11-27,Seoul Dynasty
1601,ryujehong,2019-11-27,2020-05-06,Vancouver Titans
1602,sHockWave,2020-01-08,2020-03-18,Square One
1603,sHockWave,2020-03-18,2020-04-06,Montreal Rebellion
1604,sHockWave,2020-04-15,2020-05-21,Raspberry Racers
1605,sHockWave,2020-05-22,2020-11-23,Vancouver Titans
1606,sHockWave,2020-11-23,Present,Philadelphia Fusion
1607,sayaplayer,2016-??-??,2018-01-13,Meta Athena
1608,sayaplayer,2018-01-13,2020-05-30,Florida Mayhem
1609,sayaplayer,2020-05-30,2020-10-14,Florida Mayhem (Inactive)
1610,sharyk,2015-12-02,2015-12-30, FlipSid3 Tactics
1611,sharyk,2016-05-??,2016-05-??,4-25
1612,sharyk,2016-05-??,2016-11-12,ANOX
1613,sharyk,2016-11-12,2017-01-05,Slav Squad
1614,sharyk,2017-02-13,2017-10-07,eUnited
1615,sharyk,2017-12-26,2018-08-01,CIS Hope
1616,sharyk,2018-08-01,2019-02-08,Winstrike Team
1617,sharyk,2019-02-08,2019-02-11,CIS Hope
1618,sharyk,2019-03-01,2019-04-07,Second Wind
1619,sharyk,2019-04-08,2019-05-21,Montreal Rebellion
1620,sharyk,2019-05-21,2019-10-08,Toronto Defiant
1621,shu,2017-07-15,2017-11-30,Flash Lux
1622,shu,2017-11-30,2018-03-03,Meta Athena
1623,shu,2018-03-03,2018-11-12,Toronto Esports
1624,shu,2018-11-12,2018-11-22,Uprising Academy
1625,shu,2018-11-22,2020-11-09,Guangzhou Charge
1626,shu,2020-11-09,Present,Los Angeles Gladiators
1627,silkthread,2017-06-30,2017-07-16,Counter Logic Gaming
1628,silkthread,2017-10-31,2018-04-03,Los Angeles Valiant
1629,silkthread,2018-04-03,2018-08-31,Los Angeles Gladiators
1630,sinatraa,2016-10-26,2017-07-07,Selfless Gaming
1631,sinatraa,2017-09-28,2020-04-28,San Francisco Shock
1632,sleepy,2017-??-??,2017-03-19,Tempo Storm NA
1633,sleepy,2017-09-28,2019-04-19,San Francisco Shock
1634,sleepy,2019-04-19,2019-10-11,Washington Justice
1635,smurf,201?-??-??,201?-??-??,Bucheon NPlus
1636,smurf,2017-08-09,2017-11-24,Ardeont (Substitute)
1637,smurf,2018-02-21,2018-09-18,GGEA
1638,smurf,2018-09-18,Present,San Francisco Shock
1639,snillo,2017-02-??,2017-03-??,Bastuu Pojkars
1640,snillo,2017-03-??,2017-04-22,böda socken
1641,snillo,2017-05-25,2017-11-03,123
1642,snillo,2017-11-03,2019-12-19,Philadelphia Fusion
1643,snillo,2018-11-26,2019-12-19,Fusion University
1644,super,2016-??-??,2017-01-13,-bird noises-
1645,super,2017-01-13,2017-03-06,Hammers Esports
1646,super,2017-03-06,2017-08-23, LG Evil
1647,super,2017-08-23,2017-09-28,LG Evil (Inactive)
1648,super,2017-09-28,Present,San Francisco Shock
1649,ta1yo,2017-??-??,2017-03-??,HarmoniX Gaming
1650,ta1yo,2017-05-??,2017-08-10,USG Iridata
1651,ta1yo,2017-09-16,2018-10-20,CYCLOPS athlete gaming
1652,ta1yo,2018-12-03,2019-12-21,JUPITER
1653,ta1yo,2019-12-21,2020-07-19,Third Impact (Loan)
1654,ta1yo,2019-12-21,2020-07-21,JUPITER (Inactive)
1655,ta1yo,2020-07-21,Present,San Francisco Shock
1656,tobi,2016-08-??,2017-10-23,Lunatic-Hai
1657,tobi,2017-08-22,2020-11-27,Seoul Dynasty
1658,uNKOE,2016-03-24,2016-??-??,Unknown_
1659,uNKOE,2016-04-17,2016-05-03,MyDong
1660,uNKOE,2016-05-03,2017-10-08,Rogue
1661,uNKOE,2017-11-01,2018-04-02,Los Angeles Valiant
1662,uNKOE,2018-04-02,2020-10-06,Dallas Fuel
1663,xQc,2016-0?-??,2016-10-12, Q?
1664,xQc,2016-10-12,2017-05-01,Denial eSports
1665,xQc,2017-05-01,2017-07-??,Arc 6
1666,xQc,2017-10-28,2018-03-11,Dallas Fuel
1667,xQc,2018-06-07,2018-06-24,GOATS (Stand-in)
1668,xQc,2019-02-12,2019-12-04,Gladiators Legion (Substitute)
1669,xQc,2019-02-12,2020-08-26,Sentinels (Streamer)
1670,xQc,2020-10-01,Present,Luminosity Gaming (Streamer)
1671,xepheR,2016-??-??,2016-??-??,Dizziness
1672,xepheR,2016-??-??,2016-??-??,OPPA.DANAWA
1673,xepheR,2017-04-11,2017-10-15,Cloud9
1674,xepheR,2017-10-15,2018-09-10,Seoul Dynasty
1675,xepheR,2018-09-10,2019-10-07,Florida Mayhem
1676,xepheR,2020-01-??,2020-02-23,Top Honor
1677,xepheR,2020-02-23,2020-04-22,Light Gaming
1678,xepheR,2020-04-22,2020-06-17,Top Honor
1679,xepheR,2020-06-17,Present,GC Busan WAVE
1680,zYKK,2017-06-10 ,2017-10-08,GamersOrigin
1681,zYKK,2017-10-10 ,2017-11-10,Mojojojo Squad
1682,zYKK,2018-01-06,2018-03-04,Primordial
1683,zYKK,2018-06-01,2018-08-01,Eagle Gaming Red
1684,zYKK,2018-08-30,2019-02-08,HSL Esports
1685,zYKK,2019-03-13,2019-05-??,One.PoinT
1686,zYKK,2019-12-26,2020-05-22,Third Impact
1687,zYKK,2020-05-22,2020-10-21,Toronto Defiant
1688,zYKK,2020-12-06,Present,ÄöÅ
1689,zappis,2015-12-05,2016-08-02,SG-1
1690,zappis,2016-08-02,2017-06-21,Ninjas in Pyjamas
1691,zappis,2017-06-23,2017-08-02,Rest in Pyjamas
1692,zappis,2017-08-02,2018-01-26,Team Gigantti
1693,zappis,2018-02-01,2018-09-05,Florida Mayhem
1694,zappis,2018-11-13,2019-12-23,Team Gigantti
1695,Snow_(Mikias_Yohannes),2017-03-20,2017-??-??,Toronto Esports
1696,Snow_(Mikias_Yohannes),2017-10-26,2018-08-31,Boston Uprising
1697,Snow_(Mikias_Yohannes),2018-10-04,2019-02-03,Skyfoxes
